name,type,text,category
Ahkeli's Meadow,Ruby Ring,Ahkeli's Meadow Ruby Ring,Accessory
Ahkeli's Mountain,Ruby Ring,Ahkeli's Mountain Ruby Ring,Accessory
Ahkeli's Valley,Ruby Ring,Ahkeli's Valley Ruby Ring,Accessory
Anathema,Moonstone Ring,Anathema Moonstone Ring,Accessory
Andvarius,Gold Ring,Andvarius Gold Ring,Accessory
Angler's Plait,Unset Ring,Angler's Plait Unset Ring,Accessory
Araku Tiki,Coral Amulet,Araku Tiki Coral Amulet,Accessory
Arn's Anguish,Cloth Belt,Arn's Anguish Cloth Belt,Accessory
Ascent From Flesh,Chain Belt,Ascent From Flesh Chain Belt,Accessory
Ashes of the Stars,Onyx Amulet,Ashes of the Stars Onyx Amulet,Accessory
Astral Projector,Topaz Ring,Astral Projector Topaz Ring,Accessory
Astramentis,Onyx Amulet,Astramentis Onyx Amulet,Accessory
Atziri's Foible,Paua Amulet,Atziri's Foible Paua Amulet,Accessory
Aul's Uprising,Onyx Amulet,Aul's Uprising Onyx Amulet,Accessory
Auxium,Chain Belt,Auxium Chain Belt,Accessory
Auxium,Crystal Belt,Auxium Crystal Belt,Accessory
Badge of the Brotherhood,Turquoise Amulet,Badge of the Brotherhood Turquoise Amulet,Accessory
Bated Breath,Chain Belt,Bated Breath Chain Belt,Accessory
Bear's Girdle,Leather Belt,Bear's Girdle Leather Belt,Accessory
Belt of the Deceiver,Heavy Belt,Belt of the Deceiver Heavy Belt,Accessory
Berek's Grip,Two-Stone Ring,Berek's Grip Two-Stone Ring,Accessory
Berek's Pass,Two-Stone Ring,Berek's Pass Two-Stone Ring,Accessory
Berek's Respite,Two-Stone Ring,Berek's Respite Two-Stone Ring,Accessory
Bisco's Collar,Gold Amulet,Bisco's Collar Gold Amulet,Accessory
Bisco's Leash,Heavy Belt,Bisco's Leash Heavy Belt,Accessory
Blackflame,Amethyst Ring,Blackflame Amethyst Ring,Accessory
Blackheart,Iron Ring,Blackheart Iron Ring,Accessory
Blightwell,Clutching Talisman,Blightwell Clutching Talisman,Accessory
Bloodboil,Coral Ring,Bloodboil Coral Ring,Accessory
Bloodgrip,Marble Amulet,Bloodgrip Marble Amulet,Accessory
Bloodgrip,Coral Amulet,Bloodgrip Coral Amulet,Accessory
Blood of Corruption,Amber Amulet,Blood of Corruption Amber Amulet,Accessory
Brinerot Mark,Unset Ring,Brinerot Mark Unset Ring,Accessory
Call of the Brotherhood,Two-Stone Ring,Call of the Brotherhood Two-Stone Ring,Accessory
Call of the Void,Sapphire Ring,Call of the Void Sapphire Ring,Accessory
Carnage Heart,Onyx Amulet,Carnage Heart Onyx Amulet,Accessory
Chains of Emancipation,Chain Belt,Chains of Emancipation Chain Belt,Accessory
Choir of the Storm,Lapis Amulet,Choir of the Storm Lapis Amulet,Accessory
Circle of Anguish,Ruby Ring,Circle of Anguish Ruby Ring,Accessory
Circle of Fear,Sapphire Ring,Circle of Fear Sapphire Ring,Accessory
Circle of Guilt,Iron Ring,Circle of Guilt Iron Ring,Accessory
Circle of Nostalgia,Amethyst Ring,Circle of Nostalgia Amethyst Ring,Accessory
Circle of Regret,Topaz Ring,Circle of Regret Topaz Ring,Accessory
Coward's Chains,Chain Belt,Coward's Chains Chain Belt,Accessory
Coward's Legacy,Chain Belt,Coward's Legacy Chain Belt,Accessory
Crystallised Omniscience,Onyx Amulet,Crystallised Omniscience Onyx Amulet,Accessory
Cyclopean Coil,Leather Belt,Cyclopean Coil Leather Belt,Accessory
Daresso's Salute,Citrine Amulet,Daresso's Salute Citrine Amulet,Accessory
Darkness Enthroned,Stygian Vise,Darkness Enthroned Stygian Vise,Accessory
Death Rush,Amethyst Ring,Death Rush Amethyst Ring,Accessory
Demigod's Bounty,Golden Obi,Demigod's Bounty Golden Obi,Accessory
Demigod's Eye,Golden Hoop,Demigod's Eye Golden Hoop,Accessory
Demigod's Presence,Gold Amulet,Demigod's Presence Gold Amulet,Accessory
Doedre's Damning,Paua Ring,Doedre's Damning Paua Ring,Accessory
Doedre's Tongue,Lapis Amulet,Doedre's Tongue Lapis Amulet,Accessory
Doryani's Invitation,Heavy Belt,Doryani's Invitation Heavy Belt,Accessory
Dream Fragments,Sapphire Ring,Dream Fragments Sapphire Ring,Accessory
Dyadian Dawn,Heavy Belt,Dyadian Dawn Heavy Belt,Accessory
Emberwake,Ruby Ring,Emberwake Ruby Ring,Accessory
Essence Worm,Unset Ring,Essence Worm Unset Ring,Accessory
Eternal Damnation,Agate Amulet,Eternal Damnation Agate Amulet,Accessory
Extractor Mentis,Agate Amulet,Extractor Mentis Agate Amulet,Accessory
Eye of Chayula,Onyx Amulet,Eye of Chayula Onyx Amulet,Accessory
Eye of Innocence,Citrine Amulet,Eye of Innocence Citrine Amulet,Accessory
Eyes of the Greatwolf,Greatwolf Talisman,Eyes of the Greatwolf Greatwolf Talisman,Accessory
Faminebind,Rustic Sash,Faminebind Rustic Sash,Accessory
Fated End,Paua Ring,Fated End Paua Ring,Accessory
Feastbind,Rustic Sash,Feastbind Rustic Sash,Accessory
Fury Valve,Turquoise Amulet,Fury Valve Turquoise Amulet,Accessory
Gifts from Above,Diamond Ring,Gifts from Above Diamond Ring,Accessory
Gloomfang,Blue Pearl Amulet,Gloomfang Blue Pearl Amulet,Accessory
Gluttony,Leather Belt,Gluttony Leather Belt,Accessory
Graven's Secret,Cloth Belt,Graven's Secret Cloth Belt,Accessory
Hallowed Ground,Unset Ring,Hallowed Ground Unset Ring,Accessory
Headhunter,Leather Belt,Headhunter Leather Belt,Accessory
Heartbound Loop,Moonstone Ring,Heartbound Loop Moonstone Ring,Accessory
Hinekora's Sight,Onyx Amulet,Hinekora's Sight Onyx Amulet,Accessory
Hyperboreus,Leather Belt,Hyperboreus Leather Belt,Accessory
Hyrri's Truth,Jade Amulet,Hyrri's Truth Jade Amulet,Accessory
Icefang Orbit,Iron Ring,Icefang Orbit Iron Ring,Accessory
Immortal Flesh,Leather Belt,Immortal Flesh Leather Belt,Accessory
Impresence,Onyx Amulet,Impresence Onyx Amulet,Accessory
Kalandra's Touch,Ring,Kalandra's Touch Ring,Accessory
Kaom's Sign,Coral Ring,Kaom's Sign Coral Ring,Accessory
Kaom's Way,Coral Ring,Kaom's Way Coral Ring,Accessory
Karui Charge,Jade Amulet,Karui Charge Jade Amulet,Accessory
Karui Ward,Jade Amulet,Karui Ward Jade Amulet,Accessory
Kikazaru,Topaz Ring,Kikazaru Topaz Ring,Accessory
Leadership's Price,Onyx Amulet,Leadership's Price Onyx Amulet,Accessory
Leash of Oblation,Leather Belt,Leash of Oblation Leather Belt,Accessory
Le Heup of All,Iron Ring,Le Heup of All Iron Ring,Accessory
Lori's Lantern,Prismatic Ring,Lori's Lantern Prismatic Ring,Accessory
Mageblood,Heavy Belt,Mageblood Heavy Belt,Accessory
Malachai's Artifice,Unset Ring,Malachai's Artifice Unset Ring,Accessory
Maligaro's Cruelty,Turquoise Amulet,Maligaro's Cruelty Turquoise Amulet,Accessory
Maligaro's Restraint,Chain Belt,Maligaro's Restraint Chain Belt,Accessory
Mark of Submission,Unset Ring,Mark of Submission Unset Ring,Accessory
Mark of the Elder,Steel Ring,Mark of the Elder Steel Ring,Accessory
Mark of the Shaper,Opal Ring,Mark of the Shaper Opal Ring,Accessory
Marylene's Fallacy,Lapis Amulet,Marylene's Fallacy Lapis Amulet,Accessory
Meginord's Girdle,Heavy Belt,Meginord's Girdle Heavy Belt,Accessory
Ming's Heart,Amethyst Ring,Ming's Heart Amethyst Ring,Accessory
Mokou's Embrace,Ruby Ring,Mokou's Embrace Ruby Ring,Accessory
Mother's Embrace,Heavy Belt,Mother's Embrace Heavy Belt,Accessory
Mutewind Seal,Unset Ring,Mutewind Seal Unset Ring,Accessory
Natural Hierarchy,Rotfeather Talisman,Natural Hierarchy Rotfeather Talisman,Accessory
Ngamahu's Sign,Ruby Ring,Ngamahu's Sign Ruby Ring,Accessory
Ngamahu Tiki,Coral Amulet,Ngamahu Tiki Coral Amulet,Accessory
Night's Hold,Black Maw Talisman,Night's Hold Black Maw Talisman,Accessory
Nimis,Topaz Ring,Nimis Topaz Ring,Accessory
Olesya's Delight,Cloth Belt,Olesya's Delight Cloth Belt,Accessory
Original Sin,Amethyst Ring,Original Sin Amethyst Ring,Accessory
Perandus Blazon,Cloth Belt,Perandus Blazon Cloth Belt,Accessory
Perandus Signet,Paua Ring,Perandus Signet Paua Ring,Accessory
Perquil's Toe,Gold Amulet,Perquil's Toe Gold Amulet,Accessory
Perseverance,Vanguard Belt,Perseverance Vanguard Belt,Accessory
Polaric Devastation,Opal Ring,Polaric Devastation Opal Ring,Accessory
Praxis,Paua Ring,Praxis Paua Ring,Accessory
Precursor's Emblem,Two-Stone Ring,Precursor's Emblem Two-Stone Ring,Accessory
Precursor's Emblem,Topaz Ring,Precursor's Emblem Topaz Ring,Accessory
Precursor's Emblem,Sapphire Ring,Precursor's Emblem Sapphire Ring,Accessory
Precursor's Emblem,Ruby Ring,Precursor's Emblem Ruby Ring,Accessory
Precursor's Emblem,Prismatic Ring,Precursor's Emblem Prismatic Ring,Accessory
Presence of Chayula,Onyx Amulet,Presence of Chayula Onyx Amulet,Accessory
Prismweave,Rustic Sash,Prismweave Rustic Sash,Accessory
Profane Proxy,Unset Ring,Profane Proxy Unset Ring,Accessory
Putembo's Meadow,Topaz Ring,Putembo's Meadow Topaz Ring,Accessory
Putembo's Mountain,Topaz Ring,Putembo's Mountain Topaz Ring,Accessory
Putembo's Valley,Topaz Ring,Putembo's Valley Topaz Ring,Accessory
Pyre,Sapphire Ring,Pyre Sapphire Ring,Accessory
Pyroshock Clasp,Leather Belt,Pyroshock Clasp Leather Belt,Accessory
Rashkaldor's Patience,Jade Amulet,Rashkaldor's Patience Jade Amulet,Accessory
Redblade Band,Unset Ring,Redblade Band Unset Ring,Accessory
Replica Atziri's Foible,Paua Amulet,Replica Atziri's Foible Paua Amulet,Accessory
Replica Bated Breath,Chain Belt,Replica Bated Breath Chain Belt,Accessory
Replica Doedre's Damning,Paua Ring,Replica Doedre's Damning Paua Ring,Accessory
Replica Emberwake,Ruby Ring,Replica Emberwake Ruby Ring,Accessory
Replica Headhunter,Leather Belt,Replica Headhunter Leather Belt,Accessory
Replica Hyrri's Truth,Jade Amulet,Replica Hyrri's Truth Jade Amulet,Accessory
Replica Karui Ward,Jade Amulet,Replica Karui Ward Jade Amulet,Accessory
Replica Malachai's Artifice,Unset Ring,Replica Malachai's Artifice Unset Ring,Accessory
Replica Prismweave,Rustic Sash,Replica Prismweave Rustic Sash,Accessory
Replica Siegebreaker,Heavy Belt,Replica Siegebreaker Heavy Belt,Accessory
Replica Soul Tether,Cloth Belt,Replica Soul Tether Cloth Belt,Accessory
Replica Tasalio's Sign,Sapphire Ring,Replica Tasalio's Sign Sapphire Ring,Accessory
Replica Voideye,Unset Ring,Replica Voideye Unset Ring,Accessory
Replica Winterheart,Gold Amulet,Replica Winterheart Gold Amulet,Accessory
Retaliation Charm,Citrine Amulet,Retaliation Charm Citrine Amulet,Accessory
Rigwald's Crest,Two-Stone Ring,Rigwald's Crest Two-Stone Ring,Accessory
Rigwald's Curse,Wereclaw Talisman,Rigwald's Curse Wereclaw Talisman,Accessory
Romira's Banquet,Diamond Ring,Romira's Banquet Diamond Ring,Accessory
Rotblood Promise,Unset Ring,Rotblood Promise Unset Ring,Accessory
Ryslatha's Coil,Studded Belt,Ryslatha's Coil Studded Belt,Accessory
Sacrificial Heart,Paua Amulet,Sacrificial Heart Paua Amulet,Accessory
Shaper's Seed,Agate Amulet,Shaper's Seed Agate Amulet,Accessory
Shavronne's Revelation,Moonstone Ring,Shavronne's Revelation Moonstone Ring,Accessory
Sibyl's Lament,Coral Ring,Sibyl's Lament Coral Ring,Accessory
Sidhebreath,Paua Amulet,Sidhebreath Paua Amulet,Accessory
Siegebreaker,Heavy Belt,Siegebreaker Heavy Belt,Accessory
Snakepit,Sapphire Ring,Snakepit Sapphire Ring,Accessory
Solstice Vigil,Onyx Amulet,Solstice Vigil Onyx Amulet,Accessory
Soul Tether,Cloth Belt,Soul Tether Cloth Belt,Accessory
Soulthirst,Cloth Belt,Soulthirst Cloth Belt,Accessory
Star of Wraeclast,Ruby Amulet,Star of Wraeclast Ruby Amulet,Accessory
Stone of Lazhwar,Lapis Amulet,Stone of Lazhwar Lapis Amulet,Accessory
Stormfire,Opal Ring,Stormfire Opal Ring,Accessory
Storm Secret,Topaz Ring,Storm Secret Topaz Ring,Accessory
Stranglegasp,Onyx Amulet,Stranglegasp Onyx Amulet,Accessory
String of Servitude,Heavy Belt,String of Servitude Heavy Belt,Accessory
Sunblast,Cloth Belt,Sunblast Cloth Belt,Accessory
Survivor's Guilt,Heavy Belt,Survivor's Guilt Heavy Belt,Accessory
Talisman of the Victor,Jet Amulet,Talisman of the Victor Jet Amulet,Accessory
Tasalio's Sign,Sapphire Ring,Tasalio's Sign Sapphire Ring,Accessory
Tavukai,Coral Amulet,Tavukai Coral Amulet,Accessory
Tear of Purity,Lapis Amulet,Tear of Purity Lapis Amulet,Accessory
The Anvil,Amber Amulet,The Anvil Amber Amulet,Accessory
The Ascetic,Gold Amulet,The Ascetic Gold Amulet,Accessory
The Aylardex,Agate Amulet,The Aylardex Agate Amulet,Accessory
The Burden of Truth,Crystal Belt,The Burden of Truth Crystal Belt,Accessory
The Druggery,Cloth Belt,The Druggery Cloth Belt,Accessory
The Effigon,Gold Amulet,The Effigon Gold Amulet,Accessory
The Ephemeral Bond,Lapis Amulet,The Ephemeral Bond Lapis Amulet,Accessory
The Eternal Struggle,Onyx Amulet,The Eternal Struggle Onyx Amulet,Accessory
The Felbog Fang,Citrine Amulet,The Felbog Fang Citrine Amulet,Accessory
The Flow Untethered,Cloth Belt,The Flow Untethered Cloth Belt,Accessory
The Halcyon,Jade Amulet,The Halcyon Jade Amulet,Accessory
The Highwayman,Gold Ring,The Highwayman Gold Ring,Accessory
The Hungry Loop,Unset Ring,The Hungry Loop Unset Ring,Accessory
The Ignomon,Gold Amulet,The Ignomon Gold Amulet,Accessory
The Jinxed Juju,Citrine Amulet,The Jinxed Juju Citrine Amulet,Accessory
The Magnate,Studded Belt,The Magnate Studded Belt,Accessory
The Nomad,Studded Belt,The Nomad Studded Belt,Accessory
The Pandemonius,Jade Amulet,The Pandemonius Jade Amulet,Accessory
The Pariah,Unset Ring,The Pariah Unset Ring,Accessory
The Primordial Chain,Coral Amulet,The Primordial Chain Coral Amulet,Accessory
The Retch,Rustic Sash,The Retch Rustic Sash,Accessory
The Tactician,Studded Belt,The Tactician Studded Belt,Accessory
The Taming,Prismatic Ring,The Taming Prismatic Ring,Accessory
The Torrent's Reclamation,Cloth Belt,The Torrent's Reclamation Cloth Belt,Accessory
The Warden's Brand,Iron Ring,The Warden's Brand Iron Ring,Accessory
Thief's Torment,Prismatic Ring,Thief's Torment Prismatic Ring,Accessory
Timeclasp,Moonstone Ring,Timeclasp Moonstone Ring,Accessory
Timetwist,Moonstone Ring,Timetwist Moonstone Ring,Accessory
Triumvirate Authority,Unset Ring,Triumvirate Authority Unset Ring,Accessory
Umbilicus Immortalis,Leather Belt,Umbilicus Immortalis Leather Belt,Accessory
Ungil's Harmony,Turquoise Amulet,Ungil's Harmony Turquoise Amulet,Accessory
Uul-Netol's Vow,Unset Amulet,Uul-Netol's Vow Unset Amulet,Accessory
Uzaza's Meadow,Sapphire Ring,Uzaza's Meadow Sapphire Ring,Accessory
Uzaza's Mountain,Sapphire Ring,Uzaza's Mountain Sapphire Ring,Accessory
Uzaza's Valley,Sapphire Ring,Uzaza's Valley Sapphire Ring,Accessory
Valako's Sign,Topaz Ring,Valako's Sign Topaz Ring,Accessory
Valyrium,Moonstone Ring,Valyrium Moonstone Ring,Accessory
Venopuncture,Iron Ring,Venopuncture Iron Ring,Accessory
Ventor's Gamble,Gold Ring,Ventor's Gamble Gold Ring,Accessory
Victario's Acuity,Turquoise Amulet,Victario's Acuity Turquoise Amulet,Accessory
Vivinsect,Unset Ring,Vivinsect Unset Ring,Accessory
Voice of the Storm,Lapis Amulet,Voice of the Storm Lapis Amulet,Accessory
Voideye,Unset Ring,Voideye Unset Ring,Accessory
Voidheart,Iron Ring,Voidheart Iron Ring,Accessory
Voll's Devotion,Agate Amulet,Voll's Devotion Agate Amulet,Accessory
Warped Timepiece,Turquoise Amulet,Warped Timepiece Turquoise Amulet,Accessory
Warrior's Legacy,Ruby Ring,Warrior's Legacy Ruby Ring,Accessory
Willowgift,Jade Amulet,Willowgift Jade Amulet,Accessory
Winterheart,Gold Amulet,Winterheart Gold Amulet,Accessory
Winterweave,Coral Ring,Winterweave Coral Ring,Accessory
Wurm's Molt,Leather Belt,Wurm's Molt Leather Belt,Accessory
Xoph's Blood,Amber Amulet,Xoph's Blood Amber Amulet,Accessory
Xoph's Heart,Amber Amulet,Xoph's Heart Amber Amulet,Accessory
Yoke of Suffering,Onyx Amulet,Yoke of Suffering Onyx Amulet,Accessory
Zerphi's Heart,Paua Amulet,Zerphi's Heart Paua Amulet,Accessory
Abberath's Hooves,Goathide Boots,Abberath's Hooves Goathide Boots,Armour
Abhorrent Interrogation,Ambush Mitts,Abhorrent Interrogation Ambush Mitts,Armour
Abyssus,Ezomyte Burgonet,Abyssus Ezomyte Burgonet,Armour
Aegis Aurora,Champion Kite Shield,Aegis Aurora Champion Kite Shield,Armour
Ahn's Contempt,Praetor Crown,Ahn's Contempt Praetor Crown,Armour
Ahn's Heritage,Colossal Tower Shield,Ahn's Heritage Colossal Tower Shield,Armour
Alberon's Warpath,Soldier Boots,Alberon's Warpath Soldier Boots,Armour
Algor Mortis,Carnal Mitts,Algor Mortis Carnal Mitts,Armour
Allelopathy,Satin Gloves,Allelopathy Satin Gloves,Armour
Allelopathy,Sorcerer Gloves,Allelopathy Sorcerer Gloves,Armour
Alpha's Howl,Sinner Tricorne,Alpha's Howl Sinner Tricorne,Armour
Ambu's Charge,Crusader Chainmail,Ambu's Charge Crusader Chainmail,Armour
Ancient Skull,Bone Helmet,Ancient Skull Bone Helmet,Armour
Annihilation's Approach,Dragonscale Boots,Annihilation's Approach Dragonscale Boots,Armour
Apep's Slumber,Vaal Spirit Shield,Apep's Slumber Vaal Spirit Shield,Armour
Apep's Slumber,Ancient Spirit Shield,Apep's Slumber Ancient Spirit Shield,Armour
Apep's Supremacy,Vaal Spirit Shield,Apep's Supremacy Vaal Spirit Shield,Armour
Architect's Hand,Strapped Mitts,Architect's Hand Strapped Mitts,Armour
Architect's Hand,Ambush Mitts,Architect's Hand Ambush Mitts,Armour
Asenath's Chant,Iron Circlet,Asenath's Chant Iron Circlet,Armour
Asenath's Gentle Touch,Silk Gloves,Asenath's Gentle Touch Silk Gloves,Armour
Asenath's Mark,Iron Circlet,Asenath's Mark Iron Circlet,Armour
Ashrend,Buckskin Tunic,Ashrend Buckskin Tunic,Armour
Asphyxia's Wrath,Two-Point Arrow Quiver,Asphyxia's Wrath Two-Point Arrow Quiver,Armour
Asphyxia's Wrath,Feathered Arrow Quiver,Asphyxia's Wrath Feathered Arrow Quiver,Armour
Assailum,Sinner Tricorne,Assailum Sinner Tricorne,Armour
Atziri's Acuity,Vaal Gauntlets,Atziri's Acuity Vaal Gauntlets,Armour
Atziri's Mirror,Golden Buckler,Atziri's Mirror Golden Buckler,Armour
Atziri's Reflection,Golden Buckler,Atziri's Reflection Golden Buckler,Armour
Atziri's Splendour,Sacrificial Garb,Atziri's Splendour Sacrificial Garb,Armour
Atziri's Step,Slink Boots,Atziri's Step Slink Boots,Armour
Aukuna's Will,Clasped Mitts,Aukuna's Will Clasped Mitts,Armour
Aurseize,Steelscale Gauntlets,Aurseize Steelscale Gauntlets,Armour
Beacon of Madness,Two-Toned Boots,Beacon of Madness Two-Toned Boots,Armour
Belly of the Beast,Full Wyrmscale,Belly of the Beast Full Wyrmscale,Armour
Bitterbind Point,Titanium Spirit Shield,Bitterbind Point Titanium Spirit Shield,Armour
Blackgleam,Cured Quiver,Blackgleam Cured Quiver,Armour
Blackgleam,Fire Arrow Quiver,Blackgleam Fire Arrow Quiver,Armour
Blackgleam,Blazing Arrow Quiver,Blackgleam Blazing Arrow Quiver,Armour
Black Sun Crest,Lacquered Helmet,Black Sun Crest Lacquered Helmet,Armour
Black Zenith,Fingerless Silk Gloves,Black Zenith Fingerless Silk Gloves,Armour
Blasphemer's Grasp,Assassin's Mitts,Blasphemer's Grasp Assassin's Mitts,Armour
Bloodbond,Bone Armour,Bloodbond Bone Armour,Armour
Blunderbore,Astral Plate,Blunderbore Astral Plate,Armour
Bones of Ullr,Silk Slippers,Bones of Ullr Silk Slippers,Armour
Bramblejack,Plate Vest,Bramblejack Plate Vest,Armour
Breathstealer,Hydrascale Gauntlets,Breathstealer Hydrascale Gauntlets,Armour
Brinerot Flag,Tarnished Spirit Shield,Brinerot Flag Tarnished Spirit Shield,Armour
Brinerot Whalers,Trapper Boots,Brinerot Whalers Trapper Boots,Armour
Briskwrap,Strapped Leather,Briskwrap Strapped Leather,Armour
Briskwrap,Sun Leather,Briskwrap Sun Leather,Armour
Broadstroke,Heavy Quiver,Broadstroke Heavy Quiver,Armour
Broken Faith,Archon Kite Shield,Broken Faith Archon Kite Shield,Armour
Bronn's Lithe,Cutthroat's Garb,Bronn's Lithe Cutthroat's Garb,Armour
Bubonic Trail,Murder Boots,Bubonic Trail Murder Boots,Armour
Cadigan's Crown,Runic Crown,Cadigan's Crown Runic Crown,Armour
Carcass Jack,Varnished Coat,Carcass Jack Varnished Coat,Armour
Ceaseless Feast,Spiked Gloves,Ceaseless Feast Spiked Gloves,Armour
Chains of Command,Saintly Chainmail,Chains of Command Saintly Chainmail,Armour
Chalice of Horrors,War Buckler,Chalice of Horrors War Buckler,Armour
Chernobog's Pillar,Ebony Tower Shield,Chernobog's Pillar Ebony Tower Shield,Armour
Cherrubim's Maleficence,Triumphant Lamellar,Cherrubim's Maleficence Triumphant Lamellar,Armour
Chitus' Apex,Necromancer Circlet,Chitus' Apex Necromancer Circlet,Armour
Cloak of Defiance,Lacquered Garb,Cloak of Defiance Lacquered Garb,Armour
Cloak of Flame,Scholar's Robe,Cloak of Flame Scholar's Robe,Armour
Cloak of Tawm'r Isley,Savant's Robe,Cloak of Tawm'r Isley Savant's Robe,Armour
Command of the Pit,Riveted Gloves,Command of the Pit Riveted Gloves,Armour
Corpsewalker,Carnal Boots,Corpsewalker Carnal Boots,Armour
Cospri's Will,Assassin's Garb,Cospri's Will Assassin's Garb,Armour
Cowl of the Ceraunophile,Solaris Circlet,Cowl of the Ceraunophile Solaris Circlet,Armour
Cowl of the Cryophile,Silken Hood,Cowl of the Cryophile Silken Hood,Armour
Cowl of the Thermophile,Ezomyte Burgonet,Cowl of the Thermophile Ezomyte Burgonet,Armour
Cragfall,Serrated Arrow Quiver,Cragfall Serrated Arrow Quiver,Armour
Craghead,Serrated Arrow Quiver,Craghead Serrated Arrow Quiver,Armour
Craiceann's Carapace,Golden Plate,Craiceann's Carapace Golden Plate,Armour
Craiceann's Chitin,Magistrate Crown,Craiceann's Chitin Magistrate Crown,Armour
Craiceann's Pincers,Titan Gauntlets,Craiceann's Pincers Titan Gauntlets,Armour
Craiceann's Tracks,Goliath Greaves,Craiceann's Tracks Goliath Greaves,Armour
Crest of Desire,Fluted Bascinet,Crest of Desire Fluted Bascinet,Armour
Crest of Perandus,Pine Buckler,Crest of Perandus Pine Buckler,Armour
Crown of Eyes,Hubris Circlet,Crown of Eyes Hubris Circlet,Armour
Crown of the Inward Eye,Prophet Crown,Crown of the Inward Eye Prophet Crown,Armour
Crown of the Pale King,Regicide Mask,Crown of the Pale King Regicide Mask,Armour
Crown of the Tyrant,Magistrate Crown,Crown of the Tyrant Magistrate Crown,Armour
Crown of Thorns,Vine Circlet,Crown of Thorns Vine Circlet,Armour
Crystal Vault,Latticed Ringmail,Crystal Vault Latticed Ringmail,Armour
Curtain Call,Plague Mask,Curtain Call Plague Mask,Armour
Dance of the Offered,Shackled Boots,Dance of the Offered Shackled Boots,Armour
Dance of the Offered,Carnal Boots,Dance of the Offered Carnal Boots,Armour
Daresso's Courage,Baroque Round Shield,Daresso's Courage Baroque Round Shield,Armour
Daresso's Defiance,Full Dragonscale,Daresso's Defiance Full Dragonscale,Armour
Darkray Vectors,Dragonscale Boots,Darkray Vectors Dragonscale Boots,Armour
Dawnbreaker,Colossal Tower Shield,Dawnbreaker Colossal Tower Shield,Armour
Dawnstrider,Vaal Greaves,Dawnstrider Vaal Greaves,Armour
Death's Door,Crusader Boots,Death's Door Crusader Boots,Armour
Death's Oath,Astral Plate,Death's Oath Astral Plate,Armour
Deerstalker,Deerskin Boots,Deerstalker Deerskin Boots,Armour
Deidbell,Gilded Sallet,Deidbell Gilded Sallet,Armour
Deidbellow,Gilded Sallet,Deidbellow Gilded Sallet,Armour
Demigod's Beacon,Golden Flame,Demigod's Beacon Golden Flame,Armour
Demigod's Dominance,Golden Mantle,Demigod's Dominance Golden Mantle,Armour
Demigod's Immortality,Golden Visage,Demigod's Immortality Golden Visage,Armour
Demigod's Stride,Golden Caligae,Demigod's Stride Golden Caligae,Armour
Demigod's Touch,Golden Bracers,Demigod's Touch Golden Bracers,Armour
Demigod's Triumph,Golden Wreath,Demigod's Triumph Golden Wreath,Armour
Demon Stitcher,Satin Gloves,Demon Stitcher Satin Gloves,Armour
Dendrobate,Sentinel Jacket,Dendrobate Sentinel Jacket,Armour
Deshret's Vise,Steel Gauntlets,Deshret's Vise Steel Gauntlets,Armour
Devoto's Devotion,Nightmare Bascinet,Devoto's Devotion Nightmare Bascinet,Armour
Dialla's Malefaction,Sage's Robe,Dialla's Malefaction Sage's Robe,Armour
Doedre's Malevolence,Velvet Gloves,Doedre's Malevolence Velvet Gloves,Armour
Doedre's Scorn,Lunaris Circlet,Doedre's Scorn Lunaris Circlet,Armour
Doedre's Skin,Widowsilk Robe,Doedre's Skin Widowsilk Robe,Armour
Doedre's Tenure,Velvet Gloves,Doedre's Tenure Velvet Gloves,Armour
Doppelgänger Guise,Sadist Garb,Doppelgänger Guise Sadist Garb,Armour
Doryani's Delusion,Slink Boots,Doryani's Delusion Slink Boots,Armour
Doryani's Delusion,Sorcerer Boots,Doryani's Delusion Sorcerer Boots,Armour
Doryani's Delusion,Titan Greaves,Doryani's Delusion Titan Greaves,Armour
Doryani's Fist,Vaal Gauntlets,Doryani's Fist Vaal Gauntlets,Armour
Doryani's Prototype,Saint's Hauberk,Doryani's Prototype Saint's Hauberk,Armour
Drillneck,Penetrating Arrow Quiver,Drillneck Penetrating Arrow Quiver,Armour
Duskblight,Leatherscale Boots,Duskblight Leatherscale Boots,Armour
Duskblight,Ironscale Boots,Duskblight Ironscale Boots,Armour
Dusktoe,Leatherscale Boots,Dusktoe Leatherscale Boots,Armour
Dusktoe,Ironscale Boots,Dusktoe Ironscale Boots,Armour
Eber's Unification,Hubris Circlet,Eber's Unification Hubris Circlet,Armour
Echoes of Creation,Royal Burgonet,Echoes of Creation Royal Burgonet,Armour
Elevore,Wolf Pelt,Elevore Wolf Pelt,Armour
Emperor's Vigilance,Steel Kite Shield,Emperor's Vigilance Steel Kite Shield,Armour
Empire's Grasp,Goliath Gauntlets,Empire's Grasp Goliath Gauntlets,Armour
Entropic Devastation,Assassin's Mitts,Entropic Devastation Assassin's Mitts,Armour
Esh's Mirror,Thorium Spirit Shield,Esh's Mirror Thorium Spirit Shield,Armour
Esh's Visage,Vaal Spirit Shield,Esh's Visage Vaal Spirit Shield,Armour
Expedition's End,Sentinel Jacket,Expedition's End Sentinel Jacket,Armour
Eye of Malice,Callous Mask,Eye of Malice Callous Mask,Armour
Ezomyte Hold,Iron Hat,Ezomyte Hold Iron Hat,Armour
Ezomyte Peak,Iron Hat,Ezomyte Peak Iron Hat,Armour
Facebreaker,Strapped Mitts,Facebreaker Strapped Mitts,Armour
Fairgraves' Tricorne,Tricorne,Fairgraves' Tricorne Tricorne,Armour
Faithguard,Runic Helm,Faithguard Runic Helm,Armour
Farrul's Bite,Harlequin Mask,Farrul's Bite Harlequin Mask,Armour
Farrul's Chase,Slink Boots,Farrul's Chase Slink Boots,Armour
Farrul's Fur,Triumphant Lamellar,Farrul's Fur Triumphant Lamellar,Armour
Farrul's Pounce,Hydrascale Gauntlets,Farrul's Pounce Hydrascale Gauntlets,Armour
Fenumus' Shroud,Widowsilk Robe,Fenumus' Shroud Widowsilk Robe,Armour
Fenumus' Spinnerets,Assassin's Boots,Fenumus' Spinnerets Assassin's Boots,Armour
Fenumus' Toxins,Necromancer Circlet,Fenumus' Toxins Necromancer Circlet,Armour
Fenumus' Weave,Carnal Mitts,Fenumus' Weave Carnal Mitts,Armour
Flamesight,Solaris Circlet,Flamesight Solaris Circlet,Armour
Flesh and Spirit,Ironscale Gauntlets,Flesh and Spirit Ironscale Gauntlets,Armour
Fleshcrafter,Necromancer Silks,Fleshcrafter Necromancer Silks,Armour
Font of Thunder,Mirrored Spiked Shield,Font of Thunder Mirrored Spiked Shield,Armour
Forbidden Shako,Great Crown,Forbidden Shako Great Crown,Armour
Fox's Fortune,Wild Leather,Fox's Fortune Wild Leather,Armour
Foxshade,Wild Leather,Foxshade Wild Leather,Armour
Fractal Thoughts,Vaal Mask,Fractal Thoughts Vaal Mask,Armour
Frostferno,Leather Hood,Frostferno Leather Hood,Armour
Galesight,Solaris Circlet,Galesight Solaris Circlet,Armour
Gang's Momentum,Legion Boots,Gang's Momentum Legion Boots,Armour
Garb of the Ephemeral,Savant's Robe,Garb of the Ephemeral Savant's Robe,Armour
Garukhan's Flight,Stealth Boots,Garukhan's Flight Stealth Boots,Armour
Geofri's Crest,Great Crown,Geofri's Crest Great Crown,Armour
Geofri's Legacy,Great Crown,Geofri's Legacy Great Crown,Armour
Geofri's Sanctuary,Elegant Ringmail,Geofri's Sanctuary Elegant Ringmail,Armour
Ghostwrithe,Silken Vest,Ghostwrithe Silken Vest,Armour
Giantsbane,Bronze Gauntlets,Giantsbane Bronze Gauntlets,Armour
Glimpse of Chaos,Vaal Mask,Glimpse of Chaos Vaal Mask,Armour
Glitterdisc,Burnished Spiked Shield,Glitterdisc Burnished Spiked Shield,Armour
Goldrim,Leather Cap,Goldrim Leather Cap,Armour
Goldwyrm,Nubuck Boots,Goldwyrm Nubuck Boots,Armour
Gorgon's Gaze,Regicide Mask,Gorgon's Gaze Regicide Mask,Armour
Gravebind,Hydrascale Gauntlets,Gravebind Hydrascale Gauntlets,Armour
Great Old One's Tentacles,Eelskin Gloves,Great Old One's Tentacles Eelskin Gloves,Armour
Great Old One's Ward,Corrugated Buckler,Great Old One's Ward Corrugated Buckler,Armour
Greed's Embrace,Golden Plate,Greed's Embrace Golden Plate,Armour
Greedtrap,Velvet Slippers,Greedtrap Velvet Slippers,Armour
Grip of the Council,Arcanist Gloves,Grip of the Council Arcanist Gloves,Armour
Gruthkul's Pelt,Wyrmscale Doublet,Gruthkul's Pelt Wyrmscale Doublet,Armour
Haemophilia,Serpentscale Gauntlets,Haemophilia Serpentscale Gauntlets,Armour
Hale Negator,Mind Cage,Hale Negator Mind Cage,Armour
Hand of the Fervent,Zealot Gloves,Hand of the Fervent Zealot Gloves,Armour
Hands of the High Templar,Crusader Gloves,Hands of the High Templar Crusader Gloves,Armour
Hateforge,Ancient Gauntlets,Hateforge Ancient Gauntlets,Armour
Heatshiver,Leather Hood,Heatshiver Leather Hood,Armour
Hellbringer,Conjurer Gloves,Hellbringer Conjurer Gloves,Armour
Heretic's Veil,Deicide Mask,Heretic's Veil Deicide Mask,Armour
Honourhome,Soldier Helmet,Honourhome Soldier Helmet,Armour
Hrimburn,Goathide Gloves,Hrimburn Goathide Gloves,Armour
Hrimnor's Resolve,Samnite Helmet,Hrimnor's Resolve Samnite Helmet,Armour
Hrimsorrow,Goathide Gloves,Hrimsorrow Goathide Gloves,Armour
Hyrri's Bite,Sharktooth Arrow Quiver,Hyrri's Bite Sharktooth Arrow Quiver,Armour
Hyrri's Demise,Sharktooth Arrow Quiver,Hyrri's Demise Sharktooth Arrow Quiver,Armour
Hyrri's Ire,Zodiac Leather,Hyrri's Ire Zodiac Leather,Armour
Icetomb,Latticed Ringmail,Icetomb Latticed Ringmail,Armour
Incandescent Heart,Saintly Chainmail,Incandescent Heart Saintly Chainmail,Armour
Indigon,Hubris Circlet,Indigon Hubris Circlet,Armour
Inextricable Fate,Fugitive Boots,Inextricable Fate Fugitive Boots,Armour
Infernal Mantle,Occultist's Vestment,Infernal Mantle Occultist's Vestment,Armour
Infernal Mantle,Widowsilk Robe,Infernal Mantle Widowsilk Robe,Armour
Inpulsa's Broken Heart,Sadist Garb,Inpulsa's Broken Heart Sadist Garb,Armour
Invictus Solaris,Archon Kite Shield,Invictus Solaris Archon Kite Shield,Armour
Inya's Epiphany,Arcanist Slippers,Inya's Epiphany Arcanist Slippers,Armour
Iron Heart,Crusader Plate,Iron Heart Crusader Plate,Armour
Jaws of Agony,Supreme Spiked Shield,Jaws of Agony Supreme Spiked Shield,Armour
Kalisa's Grace,Samite Gloves,Kalisa's Grace Samite Gloves,Armour
Kaltenhalt,Painted Buckler,Kaltenhalt Painted Buckler,Armour
Kaltensoul,Painted Buckler,Kaltensoul Painted Buckler,Armour
Kaom's Heart,Glorious Plate,Kaom's Heart Glorious Plate,Armour
Kaom's Roots,Titan Greaves,Kaom's Roots Titan Greaves,Armour
Kaom's Spirit,Titan Gauntlets,Kaom's Spirit Titan Gauntlets,Armour
Kingsguard,Conquest Chainmail,Kingsguard Conquest Chainmail,Armour
Kintsugi,Exquisite Leather,Kintsugi Exquisite Leather,Armour
Kitava's Thirst,Zealot Helmet,Kitava's Thirst Zealot Helmet,Armour
Kongming's Stratagem,Ivory Spirit Shield,Kongming's Stratagem Ivory Spirit Shield,Armour
Kongming's Stratagem,Ancient Spirit Shield,Kongming's Stratagem Ancient Spirit Shield,Armour
Leer Cast,Festival Mask,Leer Cast Festival Mask,Armour
Legacy of Fury,Wyrmscale Boots,Legacy of Fury Wyrmscale Boots,Armour
Leper's Alms,Mirrored Spiked Shield,Leper's Alms Mirrored Spiked Shield,Armour
Lightbane Raiment,Ornate Ringmail,Lightbane Raiment Ornate Ringmail,Armour
Lightning Coil,Desert Brigandine,Lightning Coil Desert Brigandine,Armour
Light of Lunaris,Jingling Spirit Shield,Light of Lunaris Jingling Spirit Shield,Armour
Lightpoacher,Great Crown,Lightpoacher Great Crown,Armour
Lioneye's Paws,Bronzescale Boots,Lioneye's Paws Bronzescale Boots,Armour
Lioneye's Remorse,Pinnacle Tower Shield,Lioneye's Remorse Pinnacle Tower Shield,Armour
Lioneye's Vision,Crusader Plate,Lioneye's Vision Crusader Plate,Armour
Lochtonial Caress,Iron Gauntlets,Lochtonial Caress Iron Gauntlets,Armour
Loreweave,Elegant Ringmail,Loreweave Elegant Ringmail,Armour
Lycosidae,Rawhide Tower Shield,Lycosidae Rawhide Tower Shield,Armour
Machina Mitts,Murder Mitts,Machina Mitts Murder Mitts,Armour
Magna Eclipsis,Pinnacle Tower Shield,Magna Eclipsis Pinnacle Tower Shield,Armour
Mahuxotl's Machination,Steel Kite Shield,Mahuxotl's Machination Steel Kite Shield,Armour
Malachai's Awakening,Iron Mask,Malachai's Awakening Iron Mask,Armour
Malachai's Loop,Harmonic Spirit Shield,Malachai's Loop Harmonic Spirit Shield,Armour
Malachai's Mark,Murder Mitts,Malachai's Mark Murder Mitts,Armour
Malachai's Simula,Iron Mask,Malachai's Simula Iron Mask,Armour
Malachai's Vision,Praetor Crown,Malachai's Vision Praetor Crown,Armour
Maligaro's Lens,Compound Spiked Shield,Maligaro's Lens Compound Spiked Shield,Armour
Maligaro's Virtuosity,Deerskin Gloves,Maligaro's Virtuosity Deerskin Gloves,Armour
Maloney's Mechanism,Ornate Quiver,Maloney's Mechanism Ornate Quiver,Armour
Maloney's Nightfall,Blunt Arrow Quiver,Maloney's Nightfall Blunt Arrow Quiver,Armour
Maloney's Nightfall,Vile Arrow Quiver,Maloney's Nightfall Vile Arrow Quiver,Armour
Manastorm,Lacewood Spirit Shield,Manastorm Lacewood Spirit Shield,Armour
Manastorm,Fossilised Spirit Shield,Manastorm Fossilised Spirit Shield,Armour
March of the Legion,Legion Boots,March of the Legion Legion Boots,Armour
Mark of the Red Covenant,Tribal Circlet,Mark of the Red Covenant Tribal Circlet,Armour
Martyr's Crown,Vine Circlet,Martyr's Crown Vine Circlet,Armour
Mask of the Spirit Drinker,Crusader Helmet,Mask of the Spirit Drinker Crusader Helmet,Armour
Mask of the Spirit Drinker,Magistrate Crown,Mask of the Spirit Drinker Magistrate Crown,Armour
Mask of the Stitched Demon,Magistrate Crown,Mask of the Stitched Demon Magistrate Crown,Armour
Mask of the Tribunal,Magistrate Crown,Mask of the Tribunal Magistrate Crown,Armour
Matua Tupuna,Tarnished Spirit Shield,Matua Tupuna Tarnished Spirit Shield,Armour
Maw of Conquest,Steel Circlet,Maw of Conquest Steel Circlet,Armour
Maw of Mischief,Bone Helmet,Maw of Mischief Bone Helmet,Armour
Medved's Challenge,Runic Gauntlets,Medved's Challenge Runic Gauntlets,Armour
Meginord's Vise,Steel Gauntlets,Meginord's Vise Steel Gauntlets,Armour
Memory Vault,Praetor Crown,Memory Vault Praetor Crown,Armour
Mercenary's Lot,Slink Gloves,Mercenary's Lot Slink Gloves,Armour
Mind of the Council,Harlequin Mask,Mind of the Council Harlequin Mask,Armour
Mindspiral,Aventail Helmet,Mindspiral Aventail Helmet,Armour
Mistwall,Lacquered Buckler,Mistwall Lacquered Buckler,Armour
Mutewind Pennant,Enameled Buckler,Mutewind Pennant Enameled Buckler,Armour
Mutewind Whispersteps,Serpentscale Boots,Mutewind Whispersteps Serpentscale Boots,Armour
Nightgrip,Runic Gages,Nightgrip Runic Gages,Armour
Nomic's Storm,Strapped Boots,Nomic's Storm Strapped Boots,Armour
Null and Void,Legion Gloves,Null and Void Legion Gloves,Armour
Obscurantis,Lion Pelt,Obscurantis Lion Pelt,Armour
Offering to the Serpent,Legion Gloves,Offering to the Serpent Legion Gloves,Armour
Olroth's Charge,Runic Sollerets,Olroth's Charge Runic Sollerets,Armour
Omeyocan,Carnal Boots,Omeyocan Carnal Boots,Armour
Ondar's Clasp,Wrapped Mitts,Ondar's Clasp Wrapped Mitts,Armour
Victario's Flight,Goathide Boots,Victario's Flight Goathide Boots,Armour
Oskarm,Nubuck Gloves,Oskarm Nubuck Gloves,Armour
Painseeker,Shagreen Gloves,Painseeker Shagreen Gloves,Armour
Perepiteia,Ezomyte Spiked Shield,Perepiteia Ezomyte Spiked Shield,Armour
Perfidy,Glorious Plate,Perfidy Glorious Plate,Armour
Plume of Pursuit,Bone Circlet,Plume of Pursuit Bone Circlet,Armour
Prism Guardian,Archon Kite Shield,Prism Guardian Archon Kite Shield,Armour
Qotra's Regulator,Sovereign Spiked Shield,Qotra's Regulator Sovereign Spiked Shield,Armour
Queen of the Forest,Destiny Leather,Queen of the Forest Destiny Leather,Armour
Rainbowstride,Conjurer Boots,Rainbowstride Conjurer Boots,Armour
Ralakesh's Impatience,Riveted Boots,Ralakesh's Impatience Riveted Boots,Armour
Rathpith Globe,Titanium Spirit Shield,Rathpith Globe Titanium Spirit Shield,Armour
Rat's Nest,Ursine Pelt,Rat's Nest Ursine Pelt,Armour
Rearguard,Broadhead Arrow Quiver,Rearguard Broadhead Arrow Quiver,Armour
Rearguard,Blunt Arrow Quiver,Rearguard Blunt Arrow Quiver,Armour
Reckless Defence,Lacquered Garb,Reckless Defence Lacquered Garb,Armour
Redblade Banner,Painted Tower Shield,Redblade Banner Painted Tower Shield,Armour
Redblade Tramplers,Ancient Greaves,Redblade Tramplers Ancient Greaves,Armour
Remnant of Empires,Goathide Buckler,Remnant of Empires Goathide Buckler,Armour
Repentance,Crusader Gloves,Repentance Crusader Gloves,Armour
Replica Abyssus,Ezomyte Burgonet,Replica Abyssus Ezomyte Burgonet,Armour
Replica Alberon's Warpath,Soldier Boots,Replica Alberon's Warpath Soldier Boots,Armour
Replica Allelopathy,Satin Gloves,Replica Allelopathy Satin Gloves,Armour
Replica Allelopathy,Sorcerer Gloves,Replica Allelopathy Sorcerer Gloves,Armour
Replica Alpha's Howl,Sinner Tricorne,Replica Alpha's Howl Sinner Tricorne,Armour
Replica Ambu's Charge,Crusader Chainmail,Replica Ambu's Charge Crusader Chainmail,Armour
Replica Atziri's Acuity,Vaal Gauntlets,Replica Atziri's Acuity Vaal Gauntlets,Armour
Replica Bones of Ullr,Silk Slippers,Replica Bones of Ullr Silk Slippers,Armour
Replica Eternity Shroud,Blood Raiment,Replica Eternity Shroud Blood Raiment,Armour
Replica Farrul's Fur,Triumphant Lamellar,Replica Farrul's Fur Triumphant Lamellar,Armour
Replica Forbidden Shako,Great Crown,Replica Forbidden Shako Great Crown,Armour
Replica Grip of the Council,Arcanist Gloves,Replica Grip of the Council Arcanist Gloves,Armour
Replica Inya's Epiphany,Arcanist Slippers,Replica Inya's Epiphany Arcanist Slippers,Armour
Replica Kalisa's Grace,Samite Gloves,Replica Kalisa's Grace Samite Gloves,Armour
Replica Kaom's Heart,Glorious Plate,Replica Kaom's Heart Glorious Plate,Armour
Replica Leer Cast,Festival Mask,Replica Leer Cast Festival Mask,Armour
Replica Lioneye's Paws,Bronzescale Boots,Replica Lioneye's Paws Bronzescale Boots,Armour
Replica Loreweave,Elegant Ringmail,Replica Loreweave Elegant Ringmail,Armour
Replica Maloney's Mechanism,Ornate Quiver,Replica Maloney's Mechanism Ornate Quiver,Armour
Replica Mistwall,Lacquered Buckler,Replica Mistwall Lacquered Buckler,Armour
Replica Perfect Form,Zodiac Leather,Replica Perfect Form Zodiac Leather,Armour
Replica Red Trail,Titan Greaves,Replica Red Trail Titan Greaves,Armour
Replica Restless Ward,Carnal Armour,Replica Restless Ward Carnal Armour,Armour
Replica Shroud of the Lightless,Carnal Armour,Replica Shroud of the Lightless Carnal Armour,Armour
Replica Soul Strike,Spike-Point Arrow Quiver,Replica Soul Strike Spike-Point Arrow Quiver,Armour
Replica Stampede,Assassin's Boots,Replica Stampede Assassin's Boots,Armour
Replica Three-step Assault,Shagreen Boots,Replica Three-step Assault Shagreen Boots,Armour
Replica Tukohama's Fortress,Ebony Tower Shield,Replica Tukohama's Fortress Ebony Tower Shield,Armour
Replica Veil of the Night,Great Helmet,Replica Veil of the Night Great Helmet,Armour
Replica Victario's Charity,Laminated Kite Shield,Replica Victario's Charity Laminated Kite Shield,Armour
Replica Voidwalker,Murder Boots,Replica Voidwalker Murder Boots,Armour
Replica Volkuur's Guidance,Zealot Gloves,Replica Volkuur's Guidance Zealot Gloves,Armour
Rigwald's Quills,Two-Point Arrow Quiver,Rigwald's Quills Two-Point Arrow Quiver,Armour
Rime Gaze,Mind Cage,Rime Gaze Mind Cage,Armour
Rise of the Phoenix,Mosaic Kite Shield,Rise of the Phoenix Mosaic Kite Shield,Armour
Rotting Legion,Loricated Ringmail,Rotting Legion Loricated Ringmail,Armour
Sadima's Touch,Wool Gloves,Sadima's Touch Wool Gloves,Armour
Saemus' Gift,Spike-Point Arrow Quiver,Saemus' Gift Spike-Point Arrow Quiver,Armour
Saemus' Gift,Feathered Arrow Quiver,Saemus' Gift Feathered Arrow Quiver,Armour
Saffell's Frame,Branded Kite Shield,Saffell's Frame Branded Kite Shield,Armour
Sandstorm Visage,Necromancer Circlet,Sandstorm Visage Necromancer Circlet,Armour
Saqawal's Flock,Silken Hood,Saqawal's Flock Silken Hood,Armour
Saqawal's Nest,Blood Raiment,Saqawal's Nest Blood Raiment,Armour
Saqawal's Talons,Hydrascale Boots,Saqawal's Talons Hydrascale Boots,Armour
Saqawal's Winds,Soldier Gloves,Saqawal's Winds Soldier Gloves,Armour
Scold's Bridle,Mind Cage,Scold's Bridle Mind Cage,Armour
Scorpion's Call,Broadhead Arrow Quiver,Scorpion's Call Broadhead Arrow Quiver,Armour
Scorpion's Call,Heavy Arrow Quiver,Scorpion's Call Heavy Arrow Quiver,Armour
Sentari's Answer,Brass Spirit Shield,Sentari's Answer Brass Spirit Shield,Armour
Seven-League Step,Rawhide Boots,Seven-League Step Rawhide Boots,Armour
Shackles of the Wretched,Chain Gloves,Shackles of the Wretched Chain Gloves,Armour
Shadows and Dust,Clasped Mitts,Shadows and Dust Clasped Mitts,Armour
Shadowstitch,Sacrificial Garb,Shadowstitch Sacrificial Garb,Armour
Shaper's Touch,Crusader Gloves,Shaper's Touch Crusader Gloves,Armour
Shattershard,Crimson Round Shield,Shattershard Crimson Round Shield,Armour
Shavronne's Gambit,Scholar Boots,Shavronne's Gambit Scholar Boots,Armour
Shavronne's Pace,Scholar Boots,Shavronne's Pace Scholar Boots,Armour
Shavronne's Wrappings,Occultist's Vestment,Shavronne's Wrappings Occultist's Vestment,Armour
Shroud of the Lightless,Carnal Armour,Shroud of the Lightless Carnal Armour,Armour
Sin Trek,Stealth Boots,Sin Trek Stealth Boots,Armour
Skin of the Lords,Simple Robe,Skin of the Lords Simple Robe,Armour
Skin of the Loyal,Simple Robe,Skin of the Loyal Simple Robe,Armour
Skirmish,Two-Point Arrow Quiver,Skirmish Two-Point Arrow Quiver,Armour
Skullhead,Secutor Helm,Skullhead Secutor Helm,Armour
Skyforth,Sorcerer Boots,Skyforth Sorcerer Boots,Armour
Slavedriver's Hand,Ambush Mitts,Slavedriver's Hand Ambush Mitts,Armour
Slitherpinch,Bronzescale Gauntlets,Slitherpinch Bronzescale Gauntlets,Armour
Slivers of Providence,Serrated Arrow Quiver,Slivers of Providence Serrated Arrow Quiver,Armour
Snakebite,Assassin's Mitts,Snakebite Assassin's Mitts,Armour
Solaris Lorica,Copper Plate,Solaris Lorica Copper Plate,Armour
Soul Ascension,Carnal Mitts,Soul Ascension Carnal Mitts,Armour
Soul Mantle,Spidersilk Robe,Soul Mantle Spidersilk Robe,Armour
Soul Strike,Spike-Point Arrow Quiver,Soul Strike Spike-Point Arrow Quiver,Armour
Southbound,Soldier Gloves,Southbound Soldier Gloves,Armour
Speaker's Wreath,Prophet Crown,Speaker's Wreath Prophet Crown,Armour
Sporeguard,Saint's Hauberk,Sporeguard Saint's Hauberk,Armour
Springleaf,Plank Kite Shield,Springleaf Plank Kite Shield,Armour
Starkonja's Head,Silken Hood,Starkonja's Head Silken Hood,Armour
Stasis Prison,Carnal Armour,Stasis Prison Carnal Armour,Armour
Steelworm,Broadhead Arrow Quiver,Steelworm Broadhead Arrow Quiver,Armour
Steppan Eard,Sorcerer Boots,Steppan Eard Sorcerer Boots,Armour
Stormcharger,Plated Greaves,Stormcharger Plated Greaves,Armour
Storm's Gift,Assassin's Mitts,Storm's Gift Assassin's Mitts,Armour
Sudden Dawn,Steel Circlet,Sudden Dawn Steel Circlet,Armour
Sundance,Clasped Boots,Sundance Clasped Boots,Armour
Sunspite,Clasped Boots,Sunspite Clasped Boots,Armour
Surgebinders,Dragonscale Gauntlets,Surgebinders Dragonscale Gauntlets,Armour
Tabula Rasa,Simple Robe,Tabula Rasa Simple Robe,Armour
Temptation Step,Shagreen Boots,Temptation Step Shagreen Boots,Armour
The Admiral,Varnished Coat,The Admiral Varnished Coat,Armour
The Anticipation,Ezomyte Tower Shield,The Anticipation Ezomyte Tower Shield,Armour
The Baron,Close Helmet,The Baron Close Helmet,Armour
The Beast Fur Shawl,Vaal Regalia,The Beast Fur Shawl Vaal Regalia,Armour
The Blood Dance,Sharkskin Boots,The Blood Dance Sharkskin Boots,Armour
The Brass Dome,Gladiator Plate,The Brass Dome Gladiator Plate,Armour
The Brine Crown,Prophet Crown,The Brine Crown Prophet Crown,Armour
The Bringer of Rain,Nightmare Bascinet,The Bringer of Rain Nightmare Bascinet,Armour
The Broken Crown,Prophet Crown,The Broken Crown Prophet Crown,Armour
The Coming Calamity,Destroyer Regalia,The Coming Calamity Destroyer Regalia,Armour
The Covenant,Spidersilk Robe,The Covenant Spidersilk Robe,Armour
The Deep One's Hide,Studded Round Shield,The Deep One's Hide Studded Round Shield,Armour
The Devouring Diadem,Necromancer Circlet,The Devouring Diadem Necromancer Circlet,Armour
The Embalmer,Carnal Mitts,The Embalmer Carnal Mitts,Armour
The Eternal Apple,Chiming Spirit Shield,The Eternal Apple Chiming Spirit Shield,Armour
The Eternity Shroud,Blood Raiment,The Eternity Shroud Blood Raiment,Armour
The Fledgling,Lacquered Helmet,The Fledgling Lacquered Helmet,Armour
The Formless Flame,Siege Helmet,The Formless Flame Siege Helmet,Armour
The Formless Inferno,Royal Burgonet,The Formless Inferno Royal Burgonet,Armour
The Fracturing Spinner,Blunt Arrow Quiver,The Fracturing Spinner Blunt Arrow Quiver,Armour
The Ghastly Theatre,Teak Round Shield,The Ghastly Theatre Teak Round Shield,Armour
The Gull,Raven Mask,The Gull Raven Mask,Armour
The Immortal Will,Archon Kite Shield,The Immortal Will Archon Kite Shield,Armour
The Infinite Pursuit,Goliath Greaves,The Infinite Pursuit Goliath Greaves,Armour
The Iron Fortress,Crusader Plate,The Iron Fortress Crusader Plate,Armour
The Ivory Tower,Saint's Hauberk,The Ivory Tower Saint's Hauberk,Armour
The Oak,Plank Kite Shield,The Oak Plank Kite Shield,Armour
The Oppressor,Elegant Round Shield,The Oppressor Elegant Round Shield,Armour
The Peregrine,Visored Sallet,The Peregrine Visored Sallet,Armour
The Perfect Form,Zodiac Leather,The Perfect Form Zodiac Leather,Armour
The Poised Prism,Primal Arrow Quiver,The Poised Prism Primal Arrow Quiver,Armour
The Queen's Hunger,Vaal Regalia,The Queen's Hunger Vaal Regalia,Armour
The Rat Cage,Sharkskin Tunic,The Rat Cage Sharkskin Tunic,Armour
The Red Trail,Titan Greaves,The Red Trail Titan Greaves,Armour
The Restless Ward,Carnal Armour,The Restless Ward Carnal Armour,Armour
The Scales of Justice,Chiming Spirit Shield,The Scales of Justice Chiming Spirit Shield,Armour
The Shattered Divinity,Blunt Arrow Quiver,The Shattered Divinity Blunt Arrow Quiver,Armour
The Signal Fire,Cured Quiver,The Signal Fire Cured Quiver,Armour
The Signal Fire,Fire Arrow Quiver,The Signal Fire Fire Arrow Quiver,Armour
The Signal Fire,Blazing Arrow Quiver,The Signal Fire Blazing Arrow Quiver,Armour
The Snowblind Grace,Coronal Leather,The Snowblind Grace Coronal Leather,Armour
The Squire,Elegant Round Shield,The Squire Elegant Round Shield,Armour
The Stampede,Assassin's Boots,The Stampede Assassin's Boots,Armour
The Surrender,Ezomyte Tower Shield,The Surrender Ezomyte Tower Shield,Armour
The Tempest's Binding,Callous Mask,The Tempest's Binding Callous Mask,Armour
The Tempest's Liberation,Callous Mask,The Tempest's Liberation Callous Mask,Armour
The Three Dragons,Golden Mask,The Three Dragons Golden Mask,Armour
The Unshattered Will,Archon Kite Shield,The Unshattered Will Archon Kite Shield,Armour
The Vertex,Vaal Mask,The Vertex Vaal Mask,Armour
Thirst for Horrors,War Buckler,Thirst for Horrors War Buckler,Armour
Thousand Ribbons,Simple Robe,Thousand Ribbons Simple Robe,Armour
Thousand Teeth Temu,Vaal Buckler,Thousand Teeth Temu Vaal Buckler,Armour
Three-step Assault,Shagreen Boots,Three-step Assault Shagreen Boots,Armour
Thrillsteel,Barbute Helmet,Thrillsteel Barbute Helmet,Armour
Thunderfist,Murder Mitts,Thunderfist Murder Mitts,Armour
Thundersight,Solaris Circlet,Thundersight Solaris Circlet,Armour
Tinkerskin,Sadist Garb,Tinkerskin Sadist Garb,Armour
Titucius' Span,Reinforced Tower Shield,Titucius' Span Reinforced Tower Shield,Armour
Titucus Span,Reinforced Tower Shield,Titucus Span Reinforced Tower Shield,Armour
Tombfist,Steelscale Gauntlets,Tombfist Steelscale Gauntlets,Armour
Torchoak Step,Antique Greaves,Torchoak Step Antique Greaves,Armour
Triad Grip,Mesh Gloves,Triad Grip Mesh Gloves,Armour
Trolltimber Spire,Cedar Tower Shield,Trolltimber Spire Cedar Tower Shield,Armour
Tukohama's Fortress,Ebony Tower Shield,Tukohama's Fortress Ebony Tower Shield,Armour
Unyielding Flame,Archon Kite Shield,Unyielding Flame Archon Kite Shield,Armour
Usurper's Penance,Eternal Burgonet,Usurper's Penance Eternal Burgonet,Armour
Vaal Caress,Bronzescale Gauntlets,Vaal Caress Bronzescale Gauntlets,Armour
Veil of the Night,Great Helmet,Veil of the Night Great Helmet,Armour
Veruso's Battering Rams,Titan Gauntlets,Veruso's Battering Rams Titan Gauntlets,Armour
Victario's Charity,Laminated Kite Shield,Victario's Charity Laminated Kite Shield,Armour
Victario's Influence,Lacquered Garb,Victario's Influence Lacquered Garb,Armour
Viper's Scales,Full Scale Armour,Viper's Scales Full Scale Armour,Armour
Viridi's Veil,Praetor Crown,Viridi's Veil Praetor Crown,Armour
Vis Mortis,Necromancer Silks,Vis Mortis Necromancer Silks,Armour
Vixen's Entrapment,Embroidered Gloves,Vixen's Entrapment Embroidered Gloves,Armour
Vix Lunaris,Cardinal Round Shield,Vix Lunaris Cardinal Round Shield,Armour
Voidbringer,Conjurer Gloves,Voidbringer Conjurer Gloves,Armour
Voidfletcher,Penetrating Arrow Quiver,Voidfletcher Penetrating Arrow Quiver,Armour
Voidfletcher,Primal Arrow Quiver,Voidfletcher Primal Arrow Quiver,Armour
Voidwalker,Murder Boots,Voidwalker Murder Boots,Armour
Volkuur's Guidance,Zealot Gloves,Volkuur's Guidance Zealot Gloves,Armour
Voll's Protector,Holy Chainmail,Voll's Protector Holy Chainmail,Armour
Voll's Vision,Praetor Crown,Voll's Vision Praetor Crown,Armour
Vorana's March,Runic Sabatons,Vorana's March Runic Sabatons,Armour
Wake of Destruction,Mesh Boots,Wake of Destruction Mesh Boots,Armour
Wall of Brambles,Plate Vest,Wall of Brambles Plate Vest,Armour
Wanderlust,Wool Shoes,Wanderlust Wool Shoes,Armour
Whakatutuki o Matua,Tarnished Spirit Shield,Whakatutuki o Matua Tarnished Spirit Shield,Armour
Wheel of the Stormsail,Rotted Round Shield,Wheel of the Stormsail Rotted Round Shield,Armour
Wildwrap,Strapped Leather,Wildwrap Strapped Leather,Armour
Willclash,Golden Mask,Willclash Golden Mask,Armour
Wilma's Requital,Solaris Circlet,Wilma's Requital Solaris Circlet,Armour
Windscream,Reinforced Greaves,Windscream Reinforced Greaves,Armour
Windshriek,Reinforced Greaves,Windshriek Reinforced Greaves,Armour
Winds of Change,Ancient Gauntlets,Winds of Change Ancient Gauntlets,Armour
Wondertrap,Velvet Slippers,Wondertrap Velvet Slippers,Armour
Worldcarver,Dragonscale Gauntlets,Worldcarver Dragonscale Gauntlets,Armour
Wraithlord,Bone Circlet,Wraithlord Bone Circlet,Armour
Wreath of Phrecia,Iron Circlet,Wreath of Phrecia Iron Circlet,Armour
Wyrmsign,Wyrmscale Gauntlets,Wyrmsign Wyrmscale Gauntlets,Armour
Ylfeban's Trickery,Hubris Circlet,Ylfeban's Trickery Hubris Circlet,Armour
Yriel's Fostering,Exquisite Leather,Yriel's Fostering Exquisite Leather,Armour
Zahndethus' Cassock,Sage's Robe,Zahndethus' Cassock Sage's Robe,Armour
Zeel's Amplifier,Polished Spiked Shield,Zeel's Amplifier Polished Spiked Shield,Armour
Abberath's Horn,Goat's Horn,Abberath's Horn Goat's Horn,Weapon
Actum,Butcher Axe,Actum Butcher Axe,Weapon
Advancing Fortress,Gut Ripper,Advancing Fortress Gut Ripper,Weapon
Agnerod,Imperial Staff,Agnerod Imperial Staff,Weapon
Agnerod East,Imperial Staff,Agnerod East Imperial Staff,Weapon
Agnerod North,Imperial Staff,Agnerod North Imperial Staff,Weapon
Agnerod South,Imperial Staff,Agnerod South Imperial Staff,Weapon
Agnerod West,Imperial Staff,Agnerod West Imperial Staff,Weapon
Ahn's Might,Midnight Blade,Ahn's Might Midnight Blade,Weapon
Al Dhih,Timeworn Claw,Al Dhih Timeworn Claw,Weapon
Allure,Vaal Claw,Allure Vaal Claw,Weapon
Amplification Rod,Spiraled Wand,Amplification Rod Spiraled Wand,Weapon
Apep's Rage,Opal Wand,Apep's Rage Opal Wand,Weapon
Arakaali's Fang,Fiend Dagger,Arakaali's Fang Fiend Dagger,Weapon
Arborix,Assassin Bow,Arborix Assassin Bow,Weapon
Ashcaller,Quartz Wand,Ashcaller Quartz Wand,Weapon
Ashes of the Sun,Driftwood Club,Ashes of the Sun Driftwood Club,Weapon
Atziri's Disfavour,Vaal Axe,Atziri's Disfavour Vaal Axe,Weapon
Atziri's Rule,Judgement Staff,Atziri's Rule Judgement Staff,Weapon
Augyre,Void Sceptre,Augyre Void Sceptre,Weapon
Aurumvorax,Basket Rapier,Aurumvorax Basket Rapier,Weapon
Axiom Perpetuum,Bronze Sceptre,Axiom Perpetuum Bronze Sceptre,Weapon
Balefire,Opal Sceptre,Balefire Opal Sceptre,Weapon
Beltimber Blade,Eternal Sword,Beltimber Blade Eternal Sword,Weapon
Bino's Kitchen Knife,Slaughter Knife,Bino's Kitchen Knife Slaughter Knife,Weapon
Bitterdream,Shadow Sceptre,Bitterdream Shadow Sceptre,Weapon
Blood of Summer,Rusted Sword,Blood of Summer Rusted Sword,Weapon
Bloodplay,Stiletto,Bloodplay Stiletto,Weapon
Bloodseeker,Hellion's Paw,Bloodseeker Hellion's Paw,Weapon
Brain Rattler,Meatgrinder,Brain Rattler Meatgrinder,Weapon
Breath of the Council,Carnal Sceptre,Breath of the Council Carnal Sceptre,Weapon
Brightbeak,War Hammer,Brightbeak War Hammer,Weapon
Brutus' Lead Sprinkler,Ritual Sceptre,Brutus' Lead Sprinkler Ritual Sceptre,Weapon
Callinellus Malleus,Auric Mace,Callinellus Malleus Auric Mace,Weapon
Cameria's Avarice,Gavel,Cameria's Avarice Gavel,Weapon
Cameria's Maul,Gavel,Cameria's Maul Gavel,Weapon
Cane of Kulemak,Serpentine Staff,Cane of Kulemak Serpentine Staff,Weapon
Cane of Unravelling,Ezomyte Staff,Cane of Unravelling Ezomyte Staff,Weapon
Cerberus Limb,Blood Sceptre,Cerberus Limb Blood Sceptre,Weapon
Chaber Cairn,Great Mallet,Chaber Cairn Great Mallet,Weapon
Chin Sol,Assassin Bow,Chin Sol Assassin Bow,Weapon
Chitus' Needle,Elegant Foil,Chitus' Needle Elegant Foil,Weapon
Chober Chaber,Great Mallet,Chober Chaber Great Mallet,Weapon
Clayshaper,Rock Breaker,Clayshaper Rock Breaker,Weapon
Cold Iron Point,Ezomyte Dagger,Cold Iron Point Ezomyte Dagger,Weapon
Corona Solaris,Crystal Wand,Corona Solaris Crystal Wand,Weapon
Cospri's Malice,Jewelled Foil,Cospri's Malice Jewelled Foil,Weapon
Cybil's Paw,Thresher Claw,Cybil's Paw Thresher Claw,Weapon
Daresso's Passion,Estoc,Daresso's Passion Estoc,Weapon
Darkscorn,Assassin Bow,Darkscorn Assassin Bow,Weapon
Death's Hand,Karui Sceptre,Death's Hand Karui Sceptre,Weapon
Death's Harp,Death Bow,Death's Harp Death Bow,Weapon
Death's Opus,Death Bow,Death's Opus Death Bow,Weapon
Debeon's Dirge,Despot Axe,Debeon's Dirge Despot Axe,Weapon
Demigod's Authority,Golden Blade,Demigod's Authority Golden Blade,Weapon
Disintegrator,Maelström Staff,Disintegrator Maelström Staff,Weapon
Divinarius,Imperial Skean,Divinarius Imperial Skean,Weapon
Doomfletch,Royal Bow,Doomfletch Royal Bow,Weapon
Doomfletch's Prism,Royal Bow,Doomfletch's Prism Royal Bow,Weapon
Doomsower,Lion Sword,Doomsower Lion Sword,Weapon
Doon Cuebiyari,Vaal Sceptre,Doon Cuebiyari Vaal Sceptre,Weapon
Doryani's Catalyst,Vaal Sceptre,Doryani's Catalyst Vaal Sceptre,Weapon
Dreadarc,Cleaver,Dreadarc Cleaver,Weapon
Dreadbeak,Rusted Sword,Dreadbeak Rusted Sword,Weapon
Dreadsurge,Cleaver,Dreadsurge Cleaver,Weapon
Dreamfeather,Eternal Sword,Dreamfeather Eternal Sword,Weapon
Duskdawn,Maelström Staff,Duskdawn Maelström Staff,Weapon
Dyadus,Infernal Axe,Dyadus Infernal Axe,Weapon
Dying Breath,Iron Staff,Dying Breath Iron Staff,Weapon
Dying Breath,Coiled Staff,Dying Breath Coiled Staff,Weapon
Earendel's Embrace,Grinning Fetish,Earendel's Embrace Grinning Fetish,Weapon
Echoforge,Infernal Sword,Echoforge Infernal Sword,Weapon
Eclipse Solaris,Crystal Wand,Eclipse Solaris Crystal Wand,Weapon
Edge of Madness,Etched Greatsword,Edge of Madness Etched Greatsword,Weapon
Ephemeral Edge,Dusk Blade,Ephemeral Edge Dusk Blade,Weapon
Essentia Sanguis,Eye Gouger,Essentia Sanguis Eye Gouger,Weapon
Essentia Sanguis,Vaal Claw,Essentia Sanguis Vaal Claw,Weapon
Ewar's Mirage,Antique Rapier,Ewar's Mirage Antique Rapier,Weapon
Fate of the Vaal,Gemstone Sword,Fate of the Vaal Gemstone Sword,Weapon
Femurs of the Saints,Primordial Staff,Femurs of the Saints Primordial Staff,Weapon
Fencoil,Gnarled Branch,Fencoil Gnarled Branch,Weapon
Fidelitas' Spike,Jagged Foil,Fidelitas' Spike Jagged Foil,Weapon
Flesh-Eater,Dream Mace,Flesh-Eater Dream Mace,Weapon
Fragment of Eternity,Glass Shank,Fragment of Eternity Glass Shank,Weapon
Frostbreath,Ornate Mace,Frostbreath Ornate Mace,Weapon
Geofri's Baptism,Brass Maul,Geofri's Baptism Brass Maul,Weapon
Geofri's Devotion,Brass Maul,Geofri's Devotion Brass Maul,Weapon
Goblinedge,Ambusher,Goblinedge Ambusher,Weapon
Gorebreaker,Spiked Club,Gorebreaker Spiked Club,Weapon
Goredrill,Skinning Knife,Goredrill Skinning Knife,Weapon
Grelwood Shank,Eternal Sword,Grelwood Shank Eternal Sword,Weapon
Hand of Thought and Motion,Blinder,Hand of Thought and Motion Blinder,Weapon
Hand of Wisdom and Action,Imperial Claw,Hand of Wisdom and Action Imperial Claw,Weapon
Heartbreaker,Royal Skean,Heartbreaker Royal Skean,Weapon
Hegemony's Era,Judgement Staff,Hegemony's Era Judgement Staff,Weapon
Hezmana's Bloodlust,Vaal Axe,Hezmana's Bloodlust Vaal Axe,Weapon
Hiltless,Reaver Sword,Hiltless Reaver Sword,Weapon
Hopeshredder,Ranger Bow,Hopeshredder Ranger Bow,Weapon
Hrimnor's Dirge,Sledgehammer,Hrimnor's Dirge Sledgehammer,Weapon
Hrimnor's Hymn,Sledgehammer,Hrimnor's Hymn Sledgehammer,Weapon
Hyaon's Fury,Legion Sword,Hyaon's Fury Legion Sword,Weapon
Ichimonji,Corsair Sword,Ichimonji Corsair Sword,Weapon
Infractem,Decimation Bow,Infractem Decimation Bow,Weapon
Innsbury Edge,Elder Sword,Innsbury Edge Elder Sword,Weapon
Iron Commander,Death Bow,Iron Commander Death Bow,Weapon
Izaro's Dilemma,Imperial Claw,Izaro's Dilemma Imperial Claw,Weapon
"Jack, the Axe",Vaal Hatchet,"Jack, the Axe Vaal Hatchet",Weapon
Jorrhast's Blacksteel,Steelhead,Jorrhast's Blacksteel Steelhead,Weapon
Kaom's Primacy,Karui Chopper,Kaom's Primacy Karui Chopper,Weapon
Kingmaker,Despot Axe,Kingmaker Despot Axe,Weapon
Kitava's Feast,Void Axe,Kitava's Feast Void Axe,Weapon
Kondo's Pride,Ezomyte Blade,Kondo's Pride Ezomyte Blade,Weapon
Kongor's Undying Rage,Terror Maul,Kongor's Undying Rage Terror Maul,Weapon
Lakishu's Blade,Elegant Sword,Lakishu's Blade Elegant Sword,Weapon
Last Resort,Nailed Fist,Last Resort Nailed Fist,Weapon
Lavianga's Wisdom,War Hammer,Lavianga's Wisdom War Hammer,Weapon
Law of the Wilds,Hellion's Paw,Law of the Wilds Hellion's Paw,Weapon
Lifesprig,Driftwood Wand,Lifesprig Driftwood Wand,Weapon
Limbsplit,Woodsplitter,Limbsplit Woodsplitter,Weapon
Lioneye's Glare,Imperial Bow,Lioneye's Glare Imperial Bow,Weapon
Mark of the Doubting Knight,Platinum Kris,Mark of the Doubting Knight Platinum Kris,Weapon
Marohi Erqi,Karui Maul,Marohi Erqi Karui Maul,Weapon
Martyr of Innocence,Highborn Staff,Martyr of Innocence Highborn Staff,Weapon
Midnight Bargain,Engraved Wand,Midnight Bargain Engraved Wand,Weapon
Mightflay,Flaying Knife,Mightflay Flaying Knife,Weapon
Mirebough,Gnarled Branch,Mirebough Gnarled Branch,Weapon
Mjölner,Gavel,Mjölner Gavel,Weapon
Mon'tregul's Grasp,Void Sceptre,Mon'tregul's Grasp Void Sceptre,Weapon
Moonbender's Wing,Tomahawk,Moonbender's Wing Tomahawk,Weapon
Moonsorrow,Imbued Wand,Moonsorrow Imbued Wand,Weapon
Mortem Morsu,Fright Claw,Mortem Morsu Fright Claw,Weapon
Nebulis,Void Sceptre,Nebulis Void Sceptre,Weapon
Nebuloch,Nightmare Mace,Nebuloch Nightmare Mace,Weapon
Ngamahu's Flame,Abyssal Axe,Ngamahu's Flame Abyssal Axe,Weapon
Null's Inclination,Ranger Bow,Null's Inclination Ranger Bow,Weapon
Nuro's Harp,Harbinger Bow,Nuro's Harp Harbinger Bow,Weapon
Nycta's Lantern,Crystal Sceptre,Nycta's Lantern Crystal Sceptre,Weapon
Obliteration,Demon's Horn,Obliteration Demon's Horn,Weapon
Oni-Goroshi,Charan's Sword,Oni-Goroshi Charan's Sword,Weapon
Ornament of the East,Gut Ripper,Ornament of the East Gut Ripper,Weapon
Oro's Sacrifice,Infernal Sword,Oro's Sacrifice Infernal Sword,Weapon
Panquetzaliztli,Jagged Maul,Panquetzaliztli Jagged Maul,Weapon
Paradoxica,Vaal Rapier,Paradoxica Vaal Rapier,Weapon
Pillar of the Caged God,Long Staff,Pillar of the Caged God Long Staff,Weapon
Pillar of the Caged God,Iron Staff,Pillar of the Caged God Iron Staff,Weapon
Piscator's Vigil,Tornado Wand,Piscator's Vigil Tornado Wand,Weapon
Pledge of Hands,Judgement Staff,Pledge of Hands Judgement Staff,Weapon
Prismatic Eclipse,Twilight Blade,Prismatic Eclipse Twilight Blade,Weapon
Quecholli,Jagged Maul,Quecholli Jagged Maul,Weapon
Queen's Decree,Ornate Sword,Queen's Decree Ornate Sword,Weapon
Queen's Escape,Ornate Sword,Queen's Escape Ornate Sword,Weapon
Quill Rain,Short Bow,Quill Rain Short Bow,Weapon
Razor of the Seventh Sun,Midnight Blade,Razor of the Seventh Sun Midnight Blade,Weapon
Reach of the Council,Spine Bow,Reach of the Council Spine Bow,Weapon
Realm Ender,Iron Staff,Realm Ender Iron Staff,Weapon
Realmshaper,Iron Staff,Realmshaper Iron Staff,Weapon
Reaper's Pursuit,Shadow Axe,Reaper's Pursuit Shadow Axe,Weapon
Rebuke of the Vaal,Vaal Blade,Rebuke of the Vaal Vaal Blade,Weapon
Redbeak,Rusted Sword,Redbeak Rusted Sword,Weapon
Reefbane,Fishing Rod,Reefbane Fishing Rod,Weapon
Relentless Fury,Decorative Axe,Relentless Fury Decorative Axe,Weapon
Relic of the Cycle,Crude Bow,Relic of the Cycle Crude Bow,Weapon
Relic of the Pact,Spiraled Wand,Relic of the Pact Spiraled Wand,Weapon
Replica Advancing Fortress,Gut Ripper,Replica Advancing Fortress Gut Ripper,Weapon
Replica Allure,Vaal Claw,Replica Allure Vaal Claw,Weapon
Replica Bitterdream,Shadow Sceptre,Replica Bitterdream Shadow Sceptre,Weapon
Replica Bloodplay,Stiletto,Replica Bloodplay Stiletto,Weapon
Replica Blood Thorn,Gnarled Branch,Replica Blood Thorn Gnarled Branch,Weapon
Replica Cold Iron Point,Ezomyte Dagger,Replica Cold Iron Point Ezomyte Dagger,Weapon
Replica Dreamfeather,Eternal Sword,Replica Dreamfeather Eternal Sword,Weapon
Replica Duskdawn,Maelström Staff,Replica Duskdawn Maelström Staff,Weapon
Replica Earendel's Embrace,Grinning Fetish,Replica Earendel's Embrace Grinning Fetish,Weapon
Replica Fencoil,Gnarled Branch,Replica Fencoil Gnarled Branch,Weapon
Replica Frostbreath,Ornate Mace,Replica Frostbreath Ornate Mace,Weapon
Replica Harvest,Jasper Chopper,Replica Harvest Jasper Chopper,Weapon
Replica Heartbreaker,Royal Skean,Replica Heartbreaker Royal Skean,Weapon
Replica Infractem,Decimation Bow,Replica Infractem Decimation Bow,Weapon
Replica Innsbury Edge,Elder Sword,Replica Innsbury Edge Elder Sword,Weapon
Replica Iron Commander,Death Bow,Replica Iron Commander Death Bow,Weapon
Replica Kongor's Undying Rage,Terror Maul,Replica Kongor's Undying Rage Terror Maul,Weapon
Replica Last Resort,Nailed Fist,Replica Last Resort Nailed Fist,Weapon
Replica Midnight Bargain,Engraved Wand,Replica Midnight Bargain Engraved Wand,Weapon
Replica Nebulis,Void Sceptre,Replica Nebulis Void Sceptre,Weapon
Replica Oro's Sacrifice,Infernal Sword,Replica Oro's Sacrifice Infernal Sword,Weapon
Replica Paradoxica,Vaal Rapier,Replica Paradoxica Vaal Rapier,Weapon
Replica Quill Rain,Short Bow,Replica Quill Rain Short Bow,Weapon
Replica Soul Taker,Siege Axe,Replica Soul Taker Siege Axe,Weapon
Replica Tempestuous Steel,War Sword,Replica Tempestuous Steel War Sword,Weapon
Replica Trypanon,Great Mallet,Replica Trypanon Great Mallet,Weapon
Replica Tulfall,Tornado Wand,Replica Tulfall Tornado Wand,Weapon
Replica Twyzel,Sage Wand,Replica Twyzel Sage Wand,Weapon
Replica Ungil's Gauche,Boot Knife,Replica Ungil's Gauche Boot Knife,Weapon
Replica Windripper,Imperial Bow,Replica Windripper Imperial Bow,Weapon
Replica Wings of Entropy,Ezomyte Axe,Replica Wings of Entropy Ezomyte Axe,Weapon
Reverberation Rod,Spiraled Wand,Reverberation Rod Spiraled Wand,Weapon
Rigwald's Charge,Highland Blade,Rigwald's Charge Highland Blade,Weapon
Rigwald's Command,Midnight Blade,Rigwald's Command Midnight Blade,Weapon
Rigwald's Savagery,Royal Axe,Rigwald's Savagery Royal Axe,Weapon
Rive,Terror Claw,Rive Terror Claw,Weapon
Roth's Reach,Recurve Bow,Roth's Reach Recurve Bow,Weapon
Rust of Winter,Rusted Hatchet,Rust of Winter Rusted Hatchet,Weapon
Sanguine Gambol,Skinning Knife,Sanguine Gambol Skinning Knife,Weapon
Scaeva,Gladius,Scaeva Gladius,Weapon
Scar of Fate,Nailed Fist,Scar of Fate Nailed Fist,Weapon
Severed in Sleep,Cutlass,Severed in Sleep Cutlass,Weapon
Shade of Solaris,Sage Wand,Shade of Solaris Sage Wand,Weapon
Shimmeron,Tornado Wand,Shimmeron Tornado Wand,Weapon
Shiversting,Bastard Sword,Shiversting Bastard Sword,Weapon
Sign of the Sin Eater,Tyrant's Sekhem,Sign of the Sin Eater Tyrant's Sekhem,Weapon
Silverbough,Crude Bow,Silverbough Crude Bow,Weapon
Silverbranch,Crude Bow,Silverbranch Crude Bow,Weapon
Singularity,Platinum Sceptre,Singularity Platinum Sceptre,Weapon
Sinvicta's Mettle,Ezomyte Axe,Sinvicta's Mettle Ezomyte Axe,Weapon
Sire of Shards,Serpentine Staff,Sire of Shards Serpentine Staff,Weapon
Slivertongue,Harbinger Bow,Slivertongue Harbinger Bow,Weapon
Song of the Sirens,Fishing Rod,Song of the Sirens Fishing Rod,Weapon
Soul Taker,Siege Axe,Soul Taker Siege Axe,Weapon
Soulwrest,Ezomyte Staff,Soulwrest Ezomyte Staff,Weapon
Spine of the First Claimant,Iron Sceptre,Spine of the First Claimant Iron Sceptre,Weapon
Splinter of the Moon,Driftwood Wand,Splinter of the Moon Driftwood Wand,Weapon
Starforge,Infernal Sword,Starforge Infernal Sword,Weapon
Storm Cloud,Long Bow,Storm Cloud Long Bow,Weapon
Storm Prison,Carved Wand,Storm Prison Carved Wand,Weapon
Story of the Vaal,Gemstone Sword,Story of the Vaal Gemstone Sword,Weapon
Story of the Vaal,Variscite Blade,Story of the Vaal Variscite Blade,Weapon
Taproot,Ambusher,Taproot Ambusher,Weapon
Taryn's Shiver,Maelström Staff,Taryn's Shiver Maelström Staff,Weapon
Terminus Est,Tiger Sword,Terminus Est Tiger Sword,Weapon
The Annihilating Light,Quarterstaff,The Annihilating Light Quarterstaff,Weapon
The Black Cane,Royal Sceptre,The Black Cane Royal Sceptre,Weapon
The Blood Reaper,Headsman Axe,The Blood Reaper Headsman Axe,Weapon
The Blood Thorn,Gnarled Branch,The Blood Thorn Gnarled Branch,Weapon
The Cauteriser,Woodsplitter,The Cauteriser Woodsplitter,Weapon
The Consuming Dark,Fiend Dagger,The Consuming Dark Fiend Dagger,Weapon
The Crimson Storm,Steelwood Bow,The Crimson Storm Steelwood Bow,Weapon
The Dancing Dervish,Reaver Sword,The Dancing Dervish Reaver Sword,Weapon
The Dancing Duo,Reaver Sword,The Dancing Duo Reaver Sword,Weapon
The Dark Seer,Shadow Sceptre,The Dark Seer Shadow Sceptre,Weapon
The Enmity Divine,Imperial Staff,The Enmity Divine Imperial Staff,Weapon
The Fulcrum,Ezomyte Staff,The Fulcrum Ezomyte Staff,Weapon
The Gluttonous Tide,Citadel Bow,The Gluttonous Tide Citadel Bow,Weapon
The Goddess Bound,Whalebone Rapier,The Goddess Bound Whalebone Rapier,Weapon
The Goddess Scorned,Elegant Sword,The Goddess Scorned Elegant Sword,Weapon
The Goddess Unleashed,Eternal Sword,The Goddess Unleashed Eternal Sword,Weapon
The Grey Spire,Judgement Staff,The Grey Spire Judgement Staff,Weapon
The Gryphon,Jade Hatchet,The Gryphon Jade Hatchet,Weapon
The Harvest,Jasper Chopper,The Harvest Jasper Chopper,Weapon
The Hidden Blade,Ambusher,The Hidden Blade Ambusher,Weapon
The Iron Mass,Gladius,The Iron Mass Gladius,Weapon
The Poet's Pen,Carved Wand,The Poet's Pen Carved Wand,Weapon
The Princess,Sabre,The Princess Sabre,Weapon
The Rippling Thoughts,Legion Sword,The Rippling Thoughts Legion Sword,Weapon
The Saviour,Legion Sword,The Saviour Legion Sword,Weapon
The Scourge,Terror Claw,The Scourge Terror Claw,Weapon
The Screaming Eagle,Jade Hatchet,The Screaming Eagle Jade Hatchet,Weapon
The Searing Touch,Lathi,The Searing Touch Lathi,Weapon
The Searing Touch,Long Staff,The Searing Touch Long Staff,Weapon
The Stormheart,Royal Staff,The Stormheart Royal Staff,Weapon
The Stormwall,Royal Staff,The Stormwall Royal Staff,Weapon
The Supreme Truth,Crystal Sceptre,The Supreme Truth Crystal Sceptre,Weapon
The Surging Thoughts,Legion Sword,The Surging Thoughts Legion Sword,Weapon
The Tempest,Long Bow,The Tempest Long Bow,Weapon
The Tempestuous Steel,War Sword,The Tempestuous Steel War Sword,Weapon
The Wasp Nest,Throat Stabber,The Wasp Nest Throat Stabber,Weapon
The Whispering Ice,Vile Staff,The Whispering Ice Vile Staff,Weapon
The Winds of Fate,Foul Staff,The Winds of Fate Foul Staff,Weapon
The Yielding Mortality,Imperial Staff,The Yielding Mortality Imperial Staff,Weapon
Thunder of the Dawn,Corroded Blade,Thunder of the Dawn Corroded Blade,Weapon
Tidebreaker,Imperial Maul,Tidebreaker Imperial Maul,Weapon
Tipua Kaikohuru,Whalebone Rapier,Tipua Kaikohuru Whalebone Rapier,Weapon
Touch of Anguish,Imperial Claw,Touch of Anguish Imperial Claw,Weapon
Tremor Rod,Military Staff,Tremor Rod Military Staff,Weapon
Trypanon,Great Mallet,Trypanon Great Mallet,Weapon
Tulborn,Spiraled Wand,Tulborn Spiraled Wand,Weapon
Tulfall,Tornado Wand,Tulfall Tornado Wand,Weapon
Twyzel,Sage Wand,Twyzel Sage Wand,Weapon
Ungil's Gauche,Boot Knife,Ungil's Gauche Boot Knife,Weapon
United in Dream,Cutlass,United in Dream Cutlass,Weapon
Uul-Netol's Embrace,Vaal Axe,Uul-Netol's Embrace Vaal Axe,Weapon
Uul-Netol's Kiss,Labrys,Uul-Netol's Kiss Labrys,Weapon
Varunastra,Vaal Blade,Varunastra Vaal Blade,Weapon
Vestige of Divinity,Gnarled Branch,Vestige of Divinity Gnarled Branch,Weapon
Void Battery,Prophecy Wand,Void Battery Prophecy Wand,Weapon
Voidforge,Infernal Sword,Voidforge Infernal Sword,Weapon
Voidhome,Dread Maul,Voidhome Dread Maul,Weapon
Voltaxic Rift,Spine Bow,Voltaxic Rift Spine Bow,Weapon
Vulconus,Demon Dagger,Vulconus Demon Dagger,Weapon
White Wind,Imperial Skean,White Wind Imperial Skean,Weapon
Wideswing,Poleaxe,Wideswing Poleaxe,Weapon
Widowmaker,Boot Blade,Widowmaker Boot Blade,Weapon
Wildslash,Awl,Wildslash Awl,Weapon
Windripper,Imperial Bow,Windripper Imperial Bow,Weapon
Windripper,Long Bow,Windripper Long Bow,Weapon
Wings of Entropy,Sundering Axe,Wings of Entropy Sundering Axe,Weapon
Wings of Entropy,Ezomyte Axe,Wings of Entropy Ezomyte Axe,Weapon
Witchhunter's Judgment,Highborn Staff,Witchhunter's Judgment Highborn Staff,Weapon
Xirgil's Crank,Coiled Staff,Xirgil's Crank Coiled Staff,Weapon
Xoph's Inception,Bone Bow,Xoph's Inception Bone Bow,Weapon
Xoph's Nurture,Citadel Bow,Xoph's Nurture Citadel Bow,Weapon
Yaomac's Accord,Vaal Sceptre,Yaomac's Accord Vaal Sceptre,Weapon
Amanamu's Gaze,Ghastly Eye Jewel,Amanamu's Gaze Ghastly Eye Jewel,Jewel
Anatomical Knowledge,Cobalt Jewel,Anatomical Knowledge Cobalt Jewel,Jewel
Ancient Waystones,Crimson Jewel,Ancient Waystones Crimson Jewel,Jewel
Apex Mode,Cobalt Jewel,Apex Mode Cobalt Jewel,Jewel
Apparitions,Viridian Jewel,Apparitions Viridian Jewel,Jewel
To Dust,Cobalt Jewel,To Dust Cobalt Jewel,Jewel
Assassin's Haste,Cobalt Jewel,Assassin's Haste Cobalt Jewel,Jewel
Atziri's Reign,Crimson Jewel,Atziri's Reign Crimson Jewel,Jewel
Blood Sacrifice,Crimson Jewel,Blood Sacrifice Crimson Jewel,Jewel
Brawn,Crimson Jewel,Brawn Crimson Jewel,Jewel
Brittle Barrier,Cobalt Jewel,Brittle Barrier Cobalt Jewel,Jewel
Brutal Restraint,Timeless Jewel,Brutal Restraint Timeless Jewel,Jewel
Brute Force Solution,Cobalt Jewel,Brute Force Solution Cobalt Jewel,Jewel
Fortified Legion,Cobalt Jewel,Fortified Legion Cobalt Jewel,Jewel
Calamitous Visions,Small Cluster Jewel,Calamitous Visions Small Cluster Jewel,Jewel
Careful Planning,Viridian Jewel,Careful Planning Viridian Jewel,Jewel
Cheap Construction,Viridian Jewel,Cheap Construction Viridian Jewel,Jewel
Chill of Corruption,Viridian Jewel,Chill of Corruption Viridian Jewel,Jewel
Clear Mind,Cobalt Jewel,Clear Mind Cobalt Jewel,Jewel
Coated Shrapnel,Crimson Jewel,Coated Shrapnel Crimson Jewel,Jewel
Cold Steel,Viridian Jewel,Cold Steel Viridian Jewel,Jewel
Collateral Damage,Viridian Jewel,Collateral Damage Viridian Jewel,Jewel
Combat Focus,Viridian Jewel,Combat Focus Viridian Jewel,Jewel
Combat Focus,Cobalt Jewel,Combat Focus Cobalt Jewel,Jewel
Combat Focus,Crimson Jewel,Combat Focus Crimson Jewel,Jewel
Combustibles,Crimson Jewel,Combustibles Crimson Jewel,Jewel
Conqueror's Efficiency,Crimson Jewel,Conqueror's Efficiency Crimson Jewel,Jewel
Conqueror's Longevity,Viridian Jewel,Conqueror's Longevity Viridian Jewel,Jewel
Conqueror's Potency,Cobalt Jewel,Conqueror's Potency Cobalt Jewel,Jewel
Corrupted Energy,Cobalt Jewel,Corrupted Energy Cobalt Jewel,Jewel
Dead Reckoning,Cobalt Jewel,Dead Reckoning Cobalt Jewel,Jewel
Dissolution of the Flesh,Crimson Jewel,Dissolution of the Flesh Crimson Jewel,Jewel
Seething Fury,Viridian Jewel,Seething Fury Viridian Jewel,Jewel
Divine Inferno,Crimson Jewel,Divine Inferno Crimson Jewel,Jewel
Efficient Training,Crimson Jewel,Efficient Training Crimson Jewel,Jewel
Eldritch Knowledge,Cobalt Jewel,Eldritch Knowledge Cobalt Jewel,Jewel
Elegant Hubris,Timeless Jewel,Elegant Hubris Timeless Jewel,Jewel
Emperor's Cunning,Viridian Jewel,Emperor's Cunning Viridian Jewel,Jewel
Emperor's Mastery,Prismatic Jewel,Emperor's Mastery Prismatic Jewel,Jewel
Emperor's Might,Crimson Jewel,Emperor's Might Crimson Jewel,Jewel
Emperor's Wit,Cobalt Jewel,Emperor's Wit Cobalt Jewel,Jewel
Endless Misery,Cobalt Jewel,Endless Misery Cobalt Jewel,Jewel
Energised Armour,Crimson Jewel,Energised Armour Crimson Jewel,Jewel
Energy From Within,Cobalt Jewel,Energy From Within Cobalt Jewel,Jewel
Fertile Mind,Cobalt Jewel,Fertile Mind Cobalt Jewel,Jewel
Fevered Mind,Cobalt Jewel,Fevered Mind Cobalt Jewel,Jewel
Fight for Survival,Viridian Jewel,Fight for Survival Viridian Jewel,Jewel
Fireborn,Crimson Jewel,Fireborn Crimson Jewel,Jewel
Firesong,Crimson Jewel,Firesong Crimson Jewel,Jewel
First Snow,Cobalt Jewel,First Snow Cobalt Jewel,Jewel
Fluid Motion,Viridian Jewel,Fluid Motion Viridian Jewel,Jewel
Forbidden Flame,Crimson Jewel,Forbidden Flame Crimson Jewel,Jewel
Forbidden Flesh,Cobalt Jewel,Forbidden Flesh Cobalt Jewel,Jewel
Fortress Covenant,Cobalt Jewel,Fortress Covenant Cobalt Jewel,Jewel
Fragile Bloom,Crimson Jewel,Fragile Bloom Crimson Jewel,Jewel
Fragility,Crimson Jewel,Fragility Crimson Jewel,Jewel
From Dust,Cobalt Jewel,From Dust Cobalt Jewel,Jewel
Frozen Trail,Cobalt Jewel,Frozen Trail Cobalt Jewel,Jewel
Glorious Vanity,Timeless Jewel,Glorious Vanity Timeless Jewel,Jewel
Grand Spectrum,Viridian Jewel,Grand Spectrum Viridian Jewel,Jewel
Grand Spectrum,Cobalt Jewel,Grand Spectrum Cobalt Jewel,Jewel
Grand Spectrum,Crimson Jewel,Grand Spectrum Crimson Jewel,Jewel
Growing Agony,Viridian Jewel,Growing Agony Viridian Jewel,Jewel
Hair Trigger,Viridian Jewel,Hair Trigger Viridian Jewel,Jewel
Hazardous Research,Cobalt Jewel,Hazardous Research Cobalt Jewel,Jewel
Healthy Mind,Cobalt Jewel,Healthy Mind Cobalt Jewel,Jewel
Hidden Potential,Viridian Jewel,Hidden Potential Viridian Jewel,Jewel
Hotheaded,Viridian Jewel,Hotheaded Viridian Jewel,Jewel
Hungry Abyss,Viridian Jewel,Hungry Abyss Viridian Jewel,Jewel
Immutable Force,Crimson Jewel,Immutable Force Crimson Jewel,Jewel
Impossible Escape,Viridian Jewel,Impossible Escape Viridian Jewel,Jewel
Inertia,Crimson Jewel,Inertia Crimson Jewel,Jewel
Inevitability,Cobalt Jewel,Inevitability Cobalt Jewel,Jewel
Inspired Learning,Crimson Jewel,Inspired Learning Crimson Jewel,Jewel
Intuitive Leap,Viridian Jewel,Intuitive Leap Viridian Jewel,Jewel
Izaro's Turmoil,Crimson Jewel,Izaro's Turmoil Crimson Jewel,Jewel
Kitava's Teachings,Small Cluster Jewel,Kitava's Teachings Small Cluster Jewel,Jewel
Kurgal's Gaze,Hypnotic Eye Jewel,Kurgal's Gaze Hypnotic Eye Jewel,Jewel
Lethal Pride,Timeless Jewel,Lethal Pride Timeless Jewel,Jewel
Lioneye's Fall,Viridian Jewel,Lioneye's Fall Viridian Jewel,Jewel
Lord of Steel,Viridian Jewel,Lord of Steel Viridian Jewel,Jewel
Malicious Intent,Cobalt Jewel,Malicious Intent Cobalt Jewel,Jewel
Mantra of Flames,Crimson Jewel,Mantra of Flames Crimson Jewel,Jewel
Martial Artistry,Crimson Jewel,Martial Artistry Crimson Jewel,Jewel
Megalomaniac,Medium Cluster Jewel,Megalomaniac Medium Cluster Jewel,Jewel
Melding of the Flesh,Cobalt Jewel,Melding of the Flesh Cobalt Jewel,Jewel
Might and Influence,Viridian Jewel,Might and Influence Viridian Jewel,Jewel
Might in All Forms,Crimson Jewel,Might in All Forms Crimson Jewel,Jewel
Might of the Meek,Crimson Jewel,Might of the Meek Crimson Jewel,Jewel
Militant Faith,Timeless Jewel,Militant Faith Timeless Jewel,Jewel
Mutated Growth,Cobalt Jewel,Mutated Growth Cobalt Jewel,Jewel
Nadir Mode,Cobalt Jewel,Nadir Mode Cobalt Jewel,Jewel
Natural Affinity,Small Cluster Jewel,Natural Affinity Small Cluster Jewel,Jewel
Omen on the Winds,Viridian Jewel,Omen on the Winds Viridian Jewel,Jewel
One With Nothing,Small Cluster Jewel,One With Nothing Small Cluster Jewel,Jewel
Overwhelming Odds,Crimson Jewel,Overwhelming Odds Crimson Jewel,Jewel
Pacifism,Viridian Jewel,Pacifism Viridian Jewel,Jewel
Pitch Darkness,Viridian Jewel,Pitch Darkness Viridian Jewel,Jewel
Poacher's Aim,Viridian Jewel,Poacher's Aim Viridian Jewel,Jewel
Powerlessness,Cobalt Jewel,Powerlessness Cobalt Jewel,Jewel
Primordial Eminence,Viridian Jewel,Primordial Eminence Viridian Jewel,Jewel
Primordial Harmony,Cobalt Jewel,Primordial Harmony Cobalt Jewel,Jewel
Primordial Might,Crimson Jewel,Primordial Might Crimson Jewel,Jewel
Pugilist,Viridian Jewel,Pugilist Viridian Jewel,Jewel
Pure Talent,Viridian Jewel,Pure Talent Viridian Jewel,Jewel
Quickening Covenant,Viridian Jewel,Quickening Covenant Viridian Jewel,Jewel
Rain of Splinters,Crimson Jewel,Rain of Splinters Crimson Jewel,Jewel
Rapid Expansion,Crimson Jewel,Rapid Expansion Crimson Jewel,Jewel
Rational Doctrine,Cobalt Jewel,Rational Doctrine Cobalt Jewel,Jewel
Reckless Defence,Cobalt Jewel,Reckless Defence Cobalt Jewel,Jewel
Replica Blood Sacrifice,Crimson Jewel,Replica Blood Sacrifice Crimson Jewel,Jewel
Replica Cheap Construction,Viridian Jewel,Replica Cheap Construction Viridian Jewel,Jewel
Replica Conqueror's Efficiency,Crimson Jewel,Replica Conqueror's Efficiency Crimson Jewel,Jewel
Replica Fragile Bloom,Crimson Jewel,Replica Fragile Bloom Crimson Jewel,Jewel
Replica Hotheaded,Viridian Jewel,Replica Hotheaded Viridian Jewel,Jewel
Replica Primordial Might,Crimson Jewel,Replica Primordial Might Crimson Jewel,Jewel
Replica Pure Talent,Viridian Jewel,Replica Pure Talent Viridian Jewel,Jewel
Replica Reckless Defence,Cobalt Jewel,Replica Reckless Defence Cobalt Jewel,Jewel
Replica Unstable Payload,Cobalt Jewel,Replica Unstable Payload Cobalt Jewel,Jewel
Ring of Blades,Viridian Jewel,Ring of Blades Viridian Jewel,Jewel
Rolling Flames,Cobalt Jewel,Rolling Flames Cobalt Jewel,Jewel
Sacrificial Harvest,Viridian Jewel,Sacrificial Harvest Viridian Jewel,Jewel
Self-Flagellation,Viridian Jewel,Self-Flagellation Viridian Jewel,Jewel
Shattered Chains,Crimson Jewel,Shattered Chains Crimson Jewel,Jewel
Soul's Wick,Cobalt Jewel,Soul's Wick Cobalt Jewel,Jewel
Spire of Stone,Crimson Jewel,Spire of Stone Crimson Jewel,Jewel
Spirited Response,Cobalt Jewel,Spirited Response Cobalt Jewel,Jewel
Spirit Guards,Viridian Jewel,Spirit Guards Viridian Jewel,Jewel
Split Personality,Crimson Jewel,Split Personality Crimson Jewel,Jewel
Spreading Rot,Cobalt Jewel,Spreading Rot Cobalt Jewel,Jewel
Static Electricity,Viridian Jewel,Static Electricity Viridian Jewel,Jewel
Steel Spirit,Viridian Jewel,Steel Spirit Viridian Jewel,Jewel
Stormshroud,Viridian Jewel,Stormshroud Viridian Jewel,Jewel
Sublime Vision,Prismatic Jewel,Sublime Vision Prismatic Jewel,Jewel
Sudden Ignition,Viridian Jewel,Sudden Ignition Viridian Jewel,Jewel
Survival Instincts,Viridian Jewel,Survival Instincts Viridian Jewel,Jewel
Survival Secrets,Cobalt Jewel,Survival Secrets Cobalt Jewel,Jewel
Survival Skills,Crimson Jewel,Survival Skills Crimson Jewel,Jewel
Tecrod's Gaze,Murderous Eye Jewel,Tecrod's Gaze Murderous Eye Jewel,Jewel
Tempered Flesh,Crimson Jewel,Tempered Flesh Crimson Jewel,Jewel
Tempered Mind,Cobalt Jewel,Tempered Mind Cobalt Jewel,Jewel
Tempered Spirit,Viridian Jewel,Tempered Spirit Viridian Jewel,Jewel
The Anima Stone,Prismatic Jewel,The Anima Stone Prismatic Jewel,Jewel
The Balance of Terror,Cobalt Jewel,The Balance of Terror Cobalt Jewel,Jewel
The Blue Dream,Cobalt Jewel,The Blue Dream Cobalt Jewel,Jewel
The Blue Nightmare,Cobalt Jewel,The Blue Nightmare Cobalt Jewel,Jewel
The Front Line,Small Cluster Jewel,The Front Line Small Cluster Jewel,Jewel
The Golden Rule,Viridian Jewel,The Golden Rule Viridian Jewel,Jewel
The Green Dream,Viridian Jewel,The Green Dream Viridian Jewel,Jewel
The Green Nightmare,Viridian Jewel,The Green Nightmare Viridian Jewel,Jewel
The Interrogation,Small Cluster Jewel,The Interrogation Small Cluster Jewel,Jewel
The Long Winter,Cobalt Jewel,The Long Winter Cobalt Jewel,Jewel
The Red Dream,Crimson Jewel,The Red Dream Crimson Jewel,Jewel
The Red Nightmare,Crimson Jewel,The Red Nightmare Crimson Jewel,Jewel
The Siege,Small Cluster Jewel,The Siege Small Cluster Jewel,Jewel
The Vigil,Crimson Jewel,The Vigil Crimson Jewel,Jewel
Thread of Hope,Crimson Jewel,Thread of Hope Crimson Jewel,Jewel
Transcendent Flesh,Crimson Jewel,Transcendent Flesh Crimson Jewel,Jewel
Transcendent Mind,Cobalt Jewel,Transcendent Mind Cobalt Jewel,Jewel
Transcendent Spirit,Viridian Jewel,Transcendent Spirit Viridian Jewel,Jewel
Ulaman's Gaze,Searching Eye Jewel,Ulaman's Gaze Searching Eye Jewel,Jewel
Unending Hunger,Cobalt Jewel,Unending Hunger Cobalt Jewel,Jewel
Unnatural Instinct,Viridian Jewel,Unnatural Instinct Viridian Jewel,Jewel
Unstable Payload,Cobalt Jewel,Unstable Payload Cobalt Jewel,Jewel
Vaal Sentencing,Cobalt Jewel,Vaal Sentencing Cobalt Jewel,Jewel
Violent Dead,Cobalt Jewel,Violent Dead Cobalt Jewel,Jewel
Voices,Large Cluster Jewel,Voices Large Cluster Jewel,Jewel
Volley Fire,Viridian Jewel,Volley Fire Viridian Jewel,Jewel
Warlord's Reach,Crimson Jewel,Warlord's Reach Crimson Jewel,Jewel
Watcher's Eye,Prismatic Jewel,Watcher's Eye Prismatic Jewel,Jewel
Weight of Sin,Viridian Jewel,Weight of Sin Viridian Jewel,Jewel
Weight of the Empire,Crimson Jewel,Weight of the Empire Crimson Jewel,Jewel
Wildfire,Crimson Jewel,Wildfire Crimson Jewel,Jewel
Winter Burial,Crimson Jewel,Winter Burial Crimson Jewel,Jewel
Winter's Bounty,Cobalt Jewel,Winter's Bounty Cobalt Jewel,Jewel
Witchbane,Cobalt Jewel,Witchbane Cobalt Jewel,Jewel
Atziri's Promise,Amethyst Flask,Atziri's Promise Amethyst Flask,Flask
Blood of the Karui,Sanctified Life Flask,Blood of the Karui Sanctified Life Flask,Flask
Bottled Faith,Sulphur Flask,Bottled Faith Sulphur Flask,Flask
Cinderswallow Urn,Silver Flask,Cinderswallow Urn Silver Flask,Flask
Coralito's Signature,Diamond Flask,Coralito's Signature Diamond Flask,Flask
Coruscating Elixir,Ruby Flask,Coruscating Elixir Ruby Flask,Flask
Divination Distillate,Large Hybrid Flask,Divination Distillate Large Hybrid Flask,Flask
Doedre's Elixir,Greater Mana Flask,Doedre's Elixir Greater Mana Flask,Flask
Dying Sun,Ruby Flask,Dying Sun Ruby Flask,Flask
Elixir of the Unbroken Circle,Iron Flask,Elixir of the Unbroken Circle Iron Flask,Flask
Forbidden Taste,Quartz Flask,Forbidden Taste Quartz Flask,Flask
Kiara's Determination,Silver Flask,Kiara's Determination Silver Flask,Flask
Lavianga's Spirit,Sanctified Mana Flask,Lavianga's Spirit Sanctified Mana Flask,Flask
Lion's Roar,Granite Flask,Lion's Roar Granite Flask,Flask
Olroth's Resolve,Iron Flask,Olroth's Resolve Iron Flask,Flask
Oriath's End,Bismuth Flask,Oriath's End Bismuth Flask,Flask
Progenesis,Amethyst Flask,Progenesis Amethyst Flask,Flask
Replica Lavianga's Spirit,Sanctified Mana Flask,Replica Lavianga's Spirit Sanctified Mana Flask,Flask
Replica Rumi's Concoction,Granite Flask,Replica Rumi's Concoction Granite Flask,Flask
Replica Sorrow of the Divine,Sulphur Flask,Replica Sorrow of the Divine Sulphur Flask,Flask
Rotgut,Quicksilver Flask,Rotgut Quicksilver Flask,Flask
Rumi's Concoction,Granite Flask,Rumi's Concoction Granite Flask,Flask
Sin's Rebirth,Stibnite Flask,Sin's Rebirth Stibnite Flask,Flask
Soul Catcher,Quartz Flask,Soul Catcher Quartz Flask,Flask
Soul Ripper,Quartz Flask,Soul Ripper Quartz Flask,Flask
Starlight Chalice,Iron Flask,Starlight Chalice Iron Flask,Flask
Taste of Hate,Sapphire Flask,Taste of Hate Sapphire Flask,Flask
The Overflowing Chalice,Sulphur Flask,The Overflowing Chalice Sulphur Flask,Flask
The Sorrow of the Divine,Sulphur Flask,The Sorrow of the Divine Sulphur Flask,Flask
The Wise Oak,Bismuth Flask,The Wise Oak Bismuth Flask,Flask
The Writhing Jar,Hallowed Hybrid Flask,The Writhing Jar Hallowed Hybrid Flask,Flask
Vessel of Vinktar,Topaz Flask,Vessel of Vinktar Topaz Flask,Flask
Vorana's Preparation,Iron Flask,Vorana's Preparation Iron Flask,Flask
Witchfire Brew,Stibnite Flask,Witchfire Brew Stibnite Flask,Flask
Zerphi's Last Breath,Grand Mana Flask,Zerphi's Last Breath Grand Mana Flask,Flask
